Timestamp,Temperature (Â°C),Relative Humidity (%),PM.5+,PM2.5+,Time,PMfine,PM 2.5 Federal Standard
2019-09-26 00:00:53.864302,26.89999962,66.09999847,622,37, 00:00,5.85,12
2019-09-26 00:01:53.674257,26.89999962,66.40000153,704,43, 00:01,6.61,12
2019-09-26 00:02:53.494260,26.89999962,66.40000153,646,37, 00:02,6.09,12
2019-09-26 00:03:53.304343,26.89999962,66.5,641,39, 00:03,6.02,12
2019-09-26 00:04:53.124293,26.79999924,66.59999847,709,43, 00:04,6.66,12
2019-09-26 00:05:52.934305,26.89999962,66.80000305,670,42, 00:05,6.28,12
2019-09-26 00:06:52.744372,27,66.59999847,663,39, 00:06,6.24,12
2019-09-26 00:07:52.564324,27,66.59999847,674,40, 00:07,6.34,12
2019-09-26 00:08:52.374285,,,630,39, 00:08,5.91,12
2019-09-26 00:09:52.184255,27.10000038,66.40000153,648,37, 00:09,6.11,12
2019-09-26 00:10:51.994366,27,66.40000153,660,40, 00:10,6.2,12
2019-09-26 00:11:51.804353,27.10000038,66.5,662,36, 00:11,6.26,12
2019-09-26 00:12:51.624305,27.10000038,66.40000153,622,34, 00:12,5.88,12
2019-09-26 00:13:51.434282,27,66.30000305,647,37, 00:13,6.1,12
2019-09-26 00:14:51.244348,27,66.30000305,662,31, 00:14,6.31,12
2019-09-26 00:15:51.054315,27,66.19999695,642,31, 00:15,6.11,12
2019-09-26 00:16:50.874272,27.10000038,66.19999695,646,42, 00:16,6.04,12
2019-09-26 00:17:50.684229,27.10000038,65.19999695,614,30, 00:17,5.84,12
2019-09-26 00:18:50.494325,27,65.80000305,625,29, 00:18,5.96,12
2019-09-26 00:19:50.304288,27,65.80000305,682,39, 00:19,6.43,12
2019-09-26 00:20:50.114281,27,65.80000305,718,47, 00:20,6.71,12
2019-09-26 00:21:49.924399,26.89999962,66.09999847,682,40, 00:21,6.42,12
2019-09-26 00:22:49.734357,26.89999962,66.59999847,672,38, 00:22,6.34,12
2019-09-26 00:23:49.544336,26.79999924,66.69999695,682,43, 00:23,6.39,12
2019-09-26 00:24:49.354262,26.79999924,67.09999847,703,40, 00:24,6.63,12
2019-09-26 00:25:49.164373,26.79999924,67.09999847,685,40, 00:25,6.45,12
2019-09-26 00:26:48.974312,26.79999924,67.30000305,692,30, 00:26,6.62,12
2019-09-26 00:27:48.784286,26.79999924,67.19999695,693,33, 00:27,6.6,12
2019-09-26 00:28:48.594367,26.79999924,67.69999695,647,42, 00:28,6.05,12
2019-09-26 00:29:48.414324,26.79999924,67.5,667,42, 00:29,6.25,12
2019-09-26 00:30:48.224394,26.89999962,67.59999847,672,43, 00:30,6.29,12
2019-09-26 00:31:48.034310,26.89999962,67.19999695,668,32, 00:31,6.36,12
2019-09-26 00:32:47.844277,,,639,30, 00:32,6.09,12
2019-09-26 00:33:47.654263,26.89999962,67.19999695,661,36, 00:33,6.25,12
2019-09-26 00:34:47.464338,26.89999962,67,652,38, 00:34,6.14,12
2019-09-26 00:35:47.284277,26.89999962,66.80000305,689,31, 00:35,6.58,12
2019-09-26 00:36:47.094235,27,66.90000153,686,38, 00:36,6.48,12
2019-09-26 00:37:46.904332,27,66.5,684,38, 00:37,6.46,12
2019-09-26 00:38:46.724293,27,66.59999847,694,42, 00:38,6.52,12
2019-09-26 00:39:46.534248,27,66.5,682,36, 00:39,6.46,12
2019-09-26 00:40:46.344208,27,66.5,667,39, 00:40,6.28,12
2019-09-26 00:41:46.164303,27,66.30000305,654,34, 00:41,6.2,12
2019-09-26 00:42:45.974270,,,634,26, 00:42,6.08,12
2019-09-26 00:43:45.784354,26.89999962,66.59999847,662,40, 00:43,6.22,12
2019-09-26 00:44:45.594308,26.89999962,66.80000305,671,33, 00:44,6.38,12
2019-09-26 00:45:45.414304,26.89999962,66.80000305,650,40, 00:45,6.1,12
2019-09-26 00:46:45.224364,,,617,38, 00:46,5.79,12
2019-09-26 00:47:45.034347,26.89999962,66.80000305,631,38, 00:47,5.93,12
2019-09-26 00:48:44.844305,26.89999962,66.90000153,639,28, 00:48,6.11,12
2019-09-26 00:49:44.654316,,,675,34, 00:49,6.41,12
2019-09-26 00:50:44.464225,26.89999962,66.5,640,29, 00:50,6.11,12
2019-09-26 00:51:44.274323,26.79999924,66.5,641,33, 00:51,6.08,12
2019-09-26 00:52:44.084290,26.89999962,66.69999695,667,33, 00:52,6.34,12
2019-09-26 00:55:43.504334,26.79999924,66.69999695,688,51, 00:55,6.37,12
2019-09-26 00:56:43.314283,26.70000076,67.69999695,655,27, 00:56,6.28,12
2019-09-26 00:57:43.124237,,,668,35, 00:57,6.33,12
2019-09-26 00:58:42.934333,,,700,33, 00:58,6.67,12
2019-09-26 00:59:42.744264,26.70000076,67.90000153,658,38, 00:59,6.2,12
2019-09-26 01:00:42.544338,26.70000076,68.30000305,686,41, 01:00,6.45,12
2019-09-26 01:01:42.354276,26.70000076,68,705,36, 01:01,6.69,12
2019-09-26 01:02:42.154335,26.70000076,68.40000153,723,37, 01:02,6.86,12
2019-09-26 01:03:41.964278,26.70000076,68.09999847,693,38, 01:03,6.55,12
2019-09-26 01:04:41.774332,26.70000076,68.40000153,656,39, 01:04,6.17,12
2019-09-26 01:05:41.574214,26.70000076,68.09999847,685,41, 01:05,6.44,12
2019-09-26 01:06:41.384274,26.60000038,68.19999695,697,36, 01:06,6.61,12
2019-09-26 01:07:41.184341,,,700,41, 01:07,6.59,12
2019-09-26 01:08:40.994272,26.60000038,68.80000305,695,43, 01:08,6.52,12
2019-09-26 01:09:40.794342,26.60000038,68.59999847,758,39, 01:09,7.19,12
2019-09-26 01:10:40.594275,26.60000038,68.5,742,39, 01:10,7.03,12
2019-09-26 01:11:40.404342,26.60000038,68.5,786,52, 01:11,7.34,12
2019-09-26 01:12:40.204283,26.60000038,68.90000153,787,52, 01:12,7.35,12
2019-09-26 01:13:40.014226,26.5,68.90000153,774,52, 01:13,7.22,12
2019-09-26 01:14:39.824302,26.5,69.19999695,796,47, 01:14,7.49,12
2019-09-26 01:15:39.624244,26.39999962,69.40000153,781,46, 01:15,7.35,12
2019-09-26 01:16:39.434319,26.39999962,69.5,812,46, 01:16,7.66,12
2019-09-26 01:17:39.244270,,,867,46, 01:17,8.21,12
2019-09-26 01:18:39.044329,26.5,69.59999847,861,44, 01:18,8.17,12
2019-09-26 01:19:38.854305,26.5,69.59999847,867,47, 01:19,8.2,12
2019-09-26 01:20:38.664236,26.39999962,69.30000305,821,47, 01:20,7.74,12
2019-09-26 01:21:38.474299,26.29999924,69.40000153,784,39, 01:21,7.45,12
2019-09-26 01:22:38.284353,26.29999924,69.5,827,50, 01:22,7.77,12
2019-09-26 01:23:38.094269,,,843,49, 01:23,7.94,12
2019-09-26 01:24:37.894334,26.29999924,69.5,834,47, 01:24,7.87,12
2019-09-26 01:25:37.704250,26.29999924,69.80000305,830,47, 01:25,7.83,12
2019-09-26 01:26:37.504301,26.29999924,69.80000305,854,54, 01:26,8,12
2019-09-26 01:27:37.314346,26.29999924,69.80000305,846,49, 01:27,7.97,12
2019-09-26 01:28:37.114283,26.29999924,70.40000153,839,47, 01:28,7.92,12
2019-09-26 01:29:36.924335,26.29999924,70.19999695,813,43, 01:29,7.7,12
2019-09-26 01:30:36.734263,26.20000076,69.90000153,834,47, 01:30,7.87,12
2019-09-26 01:31:36.534313,26.20000076,70.19999695,835,49, 01:31,7.86,12
2019-09-26 01:32:36.344228,26.20000076,70.5,828,50, 01:32,7.78,12
2019-09-26 01:33:36.144502,26.20000076,70.80000305,859,49, 01:33,8.1,12
2019-09-26 01:34:35.954352,26.10000038,71,860,49, 01:34,8.11,12
2019-09-26 01:35:35.764282,26.10000038,71.19999695,863,55, 01:35,8.08,12
2019-09-26 01:36:35.574298,26,71.19999695,841,55, 01:36,7.86,12
2019-09-26 01:37:35.374229,26.10000038,71.09999847,873,60, 01:37,8.13,12
2019-09-26 01:38:35.174308,26.10000038,71,849,60, 01:38,7.89,12
2019-09-26 01:39:34.984363,26.10000038,70.90000153,820,46, 01:39,7.74,12
2019-09-26 01:40:34.784306,26.20000076,70.59999847,791,46, 01:40,7.45,12
2019-09-26 01:41:34.594360,26.10000038,70.40000153,789,47, 01:41,7.42,12
2019-09-26 01:42:34.404285,26.10000038,70.59999847,782,41, 01:42,7.41,12
2019-09-26 01:43:34.214242,26.20000076,70.69999695,769,43, 01:43,7.26,12
2019-09-26 01:44:34.014359,26.20000076,70.59999847,805,43, 01:44,7.62,12
2019-09-26 01:45:33.824267,26.20000076,70.40000153,818,53, 01:45,7.65,12
2019-09-26 01:46:33.624291,26.20000076,70.40000153,801,53, 01:46,7.48,12
2019-09-26 01:47:33.434233,26.20000076,70.69999695,803,57, 01:47,7.46,12
2019-09-26 01:48:33.244314,26.20000076,70.5,798,46, 01:48,7.52,12
2019-09-26 01:49:33.054271,26.10000038,70.59999847,820,50, 01:49,7.7,12
2019-09-26 01:50:32.854311,26.10000038,70.5,817,50, 01:50,7.67,12
2019-09-26 01:51:32.654250,26.20000076,70.90000153,800,45, 01:51,7.55,12
2019-09-26 01:52:32.454331,26.20000076,70.80000305,804,47, 01:52,7.57,12
2019-09-26 01:53:32.254276,26.20000076,70.40000153,871,59, 01:53,8.12,12
2019-09-26 01:54:32.064354,26.20000076,70.90000153,871,51, 01:54,8.2,12
2019-09-26 01:55:31.864299,26.29999924,70.40000153,841,49, 01:55,7.92,12
2019-09-26 01:56:31.664369,26.20000076,70.19999695,883,48, 01:56,8.35,12
2019-09-26 01:57:31.474306,26.20000076,70.19999695,849,55, 01:57,7.94,12
2019-09-26 01:58:31.274374,26.20000076,70.19999695,831,46, 01:58,7.85,12
2019-09-26 01:59:31.074330,26.20000076,70.30000305,847,52, 01:59,7.95,12
2019-09-26 02:00:30.884272,26.20000076,70.30000305,884,60, 02:00,8.24,12
2019-09-26 02:01:30.684345,26.20000076,70.40000153,890,65, 02:01,8.25,12
2019-09-26 02:02:30.484283,26.20000076,70.69999695,956,80, 02:02,8.76,12
2019-09-26 02:03:30.294358,26.29999924,71,1000,84, 02:03,9.16,12
2019-09-26 02:04:30.094305,26.29999924,70.69999695,919,79, 02:04,8.4,12
2019-09-26 02:05:29.904279,26.29999924,70,1029,101, 02:05,9.28,12
2019-09-26 02:06:29.714390,26.39999962,70.80000305,1012,113, 02:06,8.99,12
2019-09-26 02:07:29.524276,26.39999962,70,1054,114, 02:07,9.4,12
2019-09-26 02:08:29.324249,26.39999962,69.90000153,1079,136, 02:08,9.43,12
2019-09-26 02:09:29.124318,26.39999962,70.30000305,1054,128, 02:09,9.26,12
2019-09-26 02:10:28.934385,,,1047,124, 02:10,9.23,12
2019-09-26 02:11:28.734348,26.29999924,70.59999847,1038,126, 02:11,9.12,12
2019-09-26 02:12:28.544309,26.29999924,70.80000305,1065,110, 02:12,9.55,12
2019-09-26 02:13:28.344222,26.39999962,70.80000305,1012,92, 02:13,9.2,12
2019-09-26 02:14:28.144306,26.29999924,70.69999695,1008,85, 02:14,9.23,12
2019-09-26 02:15:27.954246,26.29999924,70.80000305,964,87, 02:15,8.77,12
2019-09-26 02:16:27.754314,26.29999924,70.69999695,927,80, 02:16,8.47,12
2019-09-26 02:17:27.564267,26.29999924,71,950,74, 02:17,8.76,12
2019-09-26 02:18:27.364337,26.29999924,70.90000153,939,81, 02:18,8.58,12
2019-09-26 02:19:27.174288,26.20000076,71,899,74, 02:19,8.25,12
2019-09-26 02:20:26.974229,26.20000076,70.69999695,870,61, 02:20,8.09,12
2019-09-26 02:21:26.774308,26.20000076,70.80000305,873,70, 02:21,8.03,12
2019-09-26 02:22:26.584381,26.20000076,70.59999847,863,67, 02:22,7.96,12
2019-09-26 02:23:26.394332,26.10000038,70.59999847,896,82, 02:23,8.14,12
2019-09-26 02:24:26.204269,26.20000076,70.90000153,1016,101, 02:24,9.15,12
2019-09-26 02:25:26.004356,26.10000038,71.09999847,961,105, 02:25,8.56,12
2019-09-26 02:26:25.804302,26.20000076,71.19999695,967,105, 02:26,8.62,12
2019-09-26 02:27:25.614250,26.20000076,71,1078,143, 02:27,9.35,12
2019-09-26 02:28:25.414323,26.29999924,70.90000153,1130,154, 02:28,9.76,12
2019-09-26 02:29:25.214307,26.20000076,70.90000153,1119,157, 02:29,9.62,12
2019-09-26 02:30:25.024372,26.10000038,71.09999847,1105,141, 02:30,9.64,12
2019-09-26 02:31:24.824360,26.10000038,71.40000153,1030,137, 02:31,8.93,12
2019-09-26 02:32:24.634274,26.10000038,71.69999695,1000,108, 02:32,8.92,12
2019-09-26 02:33:24.434359,26,71.40000153,975,95, 02:33,8.8,12
2019-09-26 02:34:24.234268,,,970,102, 02:34,8.68,12
2019-09-26 02:35:24.044224,26,71.59999847,953,93, 02:35,8.6,12
2019-09-26 02:36:23.844302,26,72.09999847,939,80, 02:36,8.59,12
2019-09-26 02:37:23.644265,26,72.5,963,78, 02:37,8.85,12
2019-09-26 02:38:23.444332,26,72.59999847,954,72, 02:38,8.82,12
2019-09-26 02:39:23.254318,26,72.69999695,953,80, 02:39,8.73,12
2019-09-26 02:40:23.054287,26,72.19999695,939,64, 02:40,8.75,12
2019-09-26 02:41:22.854357,26,72.19999695,942,74, 02:41,8.68,12
2019-09-26 02:42:22.664301,26,72.09999847,865,63, 02:42,8.02,12
2019-09-26 02:43:22.464255,26,72.19999695,847,53, 02:43,7.94,12
2019-09-26 02:44:22.274348,26,72.19999695,877,61, 02:44,8.16,12
2019-09-26 02:45:22.074291,26.10000038,72,880,60, 02:45,8.2,12
2019-09-26 02:46:21.884247,26.10000038,72.09999847,863,60, 02:46,8.03,12
2019-09-26 02:47:21.684349,26.10000038,71.5,881,58, 02:47,8.23,12
2019-09-26 02:48:21.494244,,,869,58, 02:48,8.11,12
2019-09-26 02:49:21.294351,26,71.90000153,922,59, 02:49,8.63,12
2019-09-26 02:50:21.104306,26,72.40000153,876,59, 02:50,8.17,12
2019-09-26 02:51:20.904286,26,72.30000305,917,67, 02:51,8.5,12
2019-09-26 02:52:20.704340,25.89999962,73,859,54, 02:52,8.05,12
2019-09-26 02:53:20.514290,25.89999962,72.80000305,847,58, 02:53,7.89,12
2019-09-26 02:54:20.314245,25.89999962,73,883,50, 02:54,8.33,12
2019-09-26 02:55:20.114330,25.89999962,72.90000153,864,60, 02:55,8.04,12
2019-09-26 02:56:19.914280,25.89999962,72.5,869,61, 02:56,8.08,12
2019-09-26 02:57:19.724367,25.79999924,72.59999847,892,65, 02:57,8.27,12
2019-09-26 02:58:19.524325,25.79999924,73.40000153,879,60, 02:58,8.19,12
2019-09-26 02:59:19.324278,25.79999924,73.09999847,922,57, 02:59,8.65,12
2019-09-26 03:00:19.134334,25.79999924,73.40000153,904,51, 03:00,8.53,12
2019-09-26 03:01:18.934322,25.79999924,73.5,912,52, 03:01,8.6,12
2019-09-26 03:02:18.734373,25.79999924,73.30000305,898,61, 03:02,8.37,12
2019-09-26 03:03:18.534316,25.79999924,73.19999695,904,62, 03:03,8.42,12
2019-09-26 03:04:18.344403,25.89999962,73.30000305,869,47, 03:04,8.22,12
2019-09-26 03:05:18.144348,25.89999962,72.90000153,872,51, 03:05,8.21,12
2019-09-26 03:06:17.944303,25.79999924,73.09999847,859,52, 03:06,8.07,12
2019-09-26 03:07:17.754269,25.79999924,72.90000153,860,49, 03:07,8.11,12
2019-09-26 03:08:17.554445,25.79999924,73.09999847,882,54, 03:08,8.28,12
2019-09-26 03:09:17.354291,25.70000076,72.80000305,870,54, 03:09,8.16,12
2019-09-26 03:10:17.164361,25.70000076,73.09999847,862,50, 03:10,8.12,12
2019-09-26 03:11:16.964288,25.60000038,73.19999695,860,47, 03:11,8.13,12
2019-09-26 03:12:16.764398,25.60000038,73.5,870,47, 03:12,8.23,12
2019-09-26 03:13:16.564313,25.60000038,73.80000305,847,51, 03:13,7.96,12
2019-09-26 03:14:16.374382,25.60000038,73.5,879,56, 03:14,8.23,12
2019-09-26 03:15:16.174338,25.60000038,73.59999847,861,51, 03:15,8.1,12
2019-09-26 03:16:15.974307,25.60000038,73.59999847,891,50, 03:16,8.41,12
2019-09-26 03:17:15.774358,25.60000038,73.80000305,863,53, 03:17,8.1,12
2019-09-26 03:18:15.574287,25.60000038,73.5,884,58, 03:18,8.26,12
2019-09-26 03:19:15.384377,25.60000038,73.30000305,864,47, 03:19,8.17,12
2019-09-26 03:20:15.184293,25.60000038,73.5,908,57, 03:20,8.51,12
2019-09-26 03:21:14.984247,25.60000038,73.69999695,895,53, 03:21,8.42,12
2019-09-26 03:22:14.784367,25.60000038,73.5,883,50, 03:22,8.33,12
2019-09-26 03:23:14.584289,25.60000038,73.59999847,912,59, 03:23,8.53,12
2019-09-26 03:24:14.384375,25.60000038,73.59999847,904,60, 03:24,8.44,12
2019-09-26 03:25:14.184348,25.60000038,73.5,948,59, 03:25,8.89,12
2019-09-26 03:26:13.994406,25.60000038,73.80000305,896,50, 03:26,8.46,12
2019-09-26 03:27:13.794348,25.60000038,73.80000305,927,58, 03:27,8.69,12
2019-09-26 03:29:13.394333,25.60000038,73.80000305,948,64, 03:29,8.84,12
2019-09-26 03:31:12.994326,25.60000038,73.90000153,994,66, 03:31,9.28,12
2019-09-26 03:33:12.604335,,,1023,75, 03:33,9.48,12
2019-09-26 03:35:12.204267,25.60000038,74.5,973,61, 03:35,9.12,12
2019-09-26 03:37:11.804280,25.5,74.69999695,1005,66, 03:37,9.39,12
2019-09-26 03:39:11.404256,25.39999962,74.69999695,1014,61, 03:39,9.53,12
2019-09-26 03:41:11.004274,25.39999962,75.09999847,966,54, 03:41,9.12,12
2019-09-26 03:42:10.804381,25.39999962,75,986,61, 03:42,9.25,12
2019-09-26 03:43:10.604292,25.39999962,75.30000305,953,57, 03:43,8.96,12
2019-09-26 03:44:10.404360,25.39999962,75.30000305,1003,60, 03:44,9.43,12
2019-09-26 03:45:10.204315,25.39999962,75.09999847,991,59, 03:45,9.32,12
2019-09-26 03:46:10.004386,25.39999962,75.30000305,960,61, 03:46,8.99,12
2019-09-26 03:47:09.804370,25.39999962,75,951,58, 03:47,8.93,12
2019-09-26 03:48:09.604288,25.29999924,75,971,55, 03:48,9.16,12
2019-09-26 03:49:09.414342,25.29999924,75.09999847,984,69, 03:49,9.15,12
2019-09-26 03:50:09.214286,25.20000076,75.19999695,922,49, 03:50,8.73,12
2019-09-26 03:51:09.014385,25.20000076,75.30000305,977,56, 03:51,9.21,12
2019-09-26 03:52:08.814308,25.20000076,75.40000153,961,53, 03:52,9.08,12
2019-09-26 03:53:08.614254,25.20000076,75.80000305,957,55, 03:53,9.02,12
2019-09-26 03:54:08.414350,25.29999924,75.30000305,914,54, 03:54,8.6,12
2019-09-26 03:55:08.224288,25.29999924,75.09999847,1021,59, 03:55,9.62,12
2019-09-26 03:56:08.024369,25.29999924,75.09999847,950,47, 03:56,9.03,12
2019-09-26 03:57:07.824313,25.29999924,75.5,945,54, 03:57,8.91,12
2019-09-26 03:58:07.634252,25.29999924,75.30000305,940,56, 03:58,8.84,12
2019-09-26 04:00:07.234265,25.29999924,75,941,63, 04:00,8.78,12
2019-09-26 04:01:07.034356,25.29999924,75.40000153,998,57, 04:01,9.41,12
2019-09-26 04:02:06.834302,25.29999924,75.19999695,998,64, 04:02,9.34,12
2019-09-26 04:03:06.634344,25.29999924,75.19999695,1030,60, 04:03,9.7,12
2019-09-26 04:04:06.434273,25.20000076,75.5,1046,58, 04:04,9.88,12
2019-09-26 04:05:06.224301,25.20000076,76.30000305,1068,75, 04:05,9.93,12
2019-09-26 04:06:06.024362,25.20000076,76.30000305,1081,70, 04:06,10.11,12
2019-09-26 04:07:05.824284,25.20000076,76.40000153,1074,72, 04:07,10.02,12
2019-09-26 04:08:05.624329,25.20000076,76.40000153,1055,71, 04:08,9.84,12
2019-09-26 04:09:05.424278,25.20000076,76.30000305,1034,70, 04:09,9.64,12
2019-09-26 04:10:05.224301,,,1032,59, 04:10,9.73,12
2019-09-26 04:11:05.024382,25.20000076,76,1044,66, 04:11,9.78,12
2019-09-26 04:12:04.824327,25.10000038,76.30000305,1105,73, 04:12,10.32,12
2019-09-26 04:13:04.624368,25.10000038,76.59999847,1089,70, 04:13,10.19,12
2019-09-26 04:14:04.424297,25,76.59999847,1069,59, 04:14,10.1,12
2019-09-26 04:15:04.224376,25,77.09999847,1043,66, 04:15,9.77,12
2019-09-26 04:16:04.024293,25,77.30000305,1044,68, 04:16,9.76,12
2019-09-26 04:17:03.824327,25,77.40000153,1031,63, 04:17,9.68,12
2019-09-26 04:18:03.634339,25.10000038,77,1040,61, 04:18,9.79,12
2019-09-26 04:19:03.434263,25.10000038,77.09999847,1006,50, 04:19,9.56,12
2019-09-26 04:20:03.234358,25,76.80000305,1024,58, 04:20,9.66,12
2019-09-26 04:21:03.044270,25,76.59999847,1038,59, 04:21,9.79,12
2019-09-26 04:22:02.844337,25,77.19999695,987,59, 04:22,9.28,12
2019-09-26 04:23:02.654271,25.10000038,77.19999695,1009,57, 04:23,9.52,12
2019-09-26 04:24:02.454321,25.10000038,77,988,53, 04:24,9.35,12
2019-09-26 04:25:02.254370,25.10000038,76.40000153,990,58, 04:25,9.32,12
2019-09-26 04:26:02.064362,25.10000038,76.40000153,1003,50, 04:26,9.53,12
2019-09-26 04:27:01.864322,25.10000038,76.5,982,58, 04:27,9.24,12
2019-09-26 04:28:01.664280,25.10000038,76.69999695,1006,62, 04:28,9.44,12
2019-09-26 04:29:01.474350,25.10000038,76.59999847,988,61, 04:29,9.27,12
2019-09-26 04:30:01.274414,25.10000038,76.59999847,988,57, 04:30,9.31,12
2019-09-26 04:31:01.074336,25.20000076,76.69999695,991,62, 04:31,9.29,12
2019-09-26 04:32:00.884269,25.20000076,76.59999847,957,53, 04:32,9.04,12
2019-09-26 04:33:00.684331,25.29999924,76.40000153,980,54, 04:33,9.26,12
2019-09-26 04:34:00.484342,25.29999924,75.90000153,928,44, 04:34,8.84,12
2019-09-26 04:35:00.284273,25.39999962,75.40000153,936,54, 04:35,8.82,12
2019-09-26 04:36:00.084337,25.39999962,75.5,971,52, 04:36,9.19,12
2019-09-26 04:36:59.884275,25.39999962,75.30000305,932,51, 04:36,8.81,12
2019-09-26 04:37:59.694338,25.39999962,75.19999695,914,57, 04:37,8.57,12
2019-09-26 04:38:59.494292,25.39999962,75.19999695,950,55, 04:38,8.95,12
2019-09-26 04:39:59.294349,25.29999924,74.90000153,956,55, 04:39,9.01,12
2019-09-26 04:40:59.104261,25.20000076,75.09999847,952,52, 04:40,9,12
2019-09-26 04:41:58.904333,25.20000076,75.30000305,979,56, 04:41,9.23,12
2019-09-26 04:42:58.714334,25.10000038,75.5,1010,61, 04:42,9.49,12
2019-09-26 04:43:58.514265,25,75.5,965,54, 04:43,9.11,12
2019-09-26 04:44:58.314313,25,76.09999847,1020,53, 04:44,9.67,12
2019-09-26 04:45:58.114266,24.89999962,76.09999847,1015,50, 04:45,9.65,12
2019-09-26 04:46:57.914337,24.89999962,76.09999847,959,59, 04:46,9,12
2019-09-26 04:47:57.714372,24.89999962,76.5,949,47, 04:47,9.02,12
2019-09-26 04:48:57.514288,24.79999924,76.40000153,936,44, 04:48,8.92,12
2019-09-26 04:49:57.314318,24.89999962,76.19999695,946,58, 04:49,8.88,12
2019-09-26 04:50:57.114412,25,76.19999695,1026,67, 04:50,9.59,12
2019-09-26 04:51:56.924365,25,76.80000305,1018,67, 04:51,9.51,12
2019-09-26 04:52:56.714426,25.10000038,76.59999847,977,66, 04:52,9.11,12
2019-09-26 04:53:56.514356,25.20000076,76.30000305,1003,74, 04:53,9.29,12
2019-09-26 04:54:56.314362,25.20000076,76.19999695,974,62, 04:54,9.12,12
2019-09-26 04:55:56.124283,25.29999924,76.19999695,1066,111, 04:55,9.55,12
2019-09-26 04:56:55.924340,25.20000076,76,1014,76, 04:56,9.38,12
2019-09-26 04:57:55.744229,25.20000076,76.19999695,984,77, 04:57,9.07,12
2019-09-26 04:58:55.524325,,,1004,77, 04:58,9.27,12
2019-09-26 04:59:55.324373,25.20000076,76.30000305,1024,73, 04:59,9.51,12
2019-09-26 05:00:55.134309,25.20000076,76.69999695,1004,66, 05:00,9.38,12
2019-09-26 05:01:54.934361,25.20000076,76.69999695,1036,68, 05:01,9.68,12
2019-09-26 05:02:54.734297,25.10000038,76.59999847,1002,76, 05:02,9.26,12
2019-09-26 05:03:54.534360,25.10000038,77,970,67, 05:03,9.03,12
2019-09-26 05:04:54.334416,,,1005,63, 05:04,9.42,12
2019-09-26 05:05:54.144347,25,76.80000305,1023,56, 05:05,9.67,12
2019-09-26 05:06:53.944404,25.10000038,77.30000305,1006,73, 05:06,9.33,12
2019-09-26 05:07:53.744315,25,76.59999847,1029,68, 05:07,9.61,12
2019-09-26 05:08:53.534383,25.10000038,77.19999695,997,65, 05:08,9.32,12
2019-09-26 05:10:53.134350,25,77,976,59, 05:10,9.17,12
2019-09-26 05:11:52.934301,25.10000038,77,942,56, 05:11,8.86,12
2019-09-26 05:12:52.734303,25.10000038,76.59999847,1011,58, 05:12,9.53,12
2019-09-26 05:13:52.534259,25.10000038,76.69999695,925,51, 05:13,8.74,12
2019-09-26 05:14:52.334320,25.10000038,76.59999847,954,64, 05:14,8.9,12
2019-09-26 05:15:52.134372,25.10000038,77,990,60, 05:15,9.3,12
2019-09-26 05:16:51.934307,25.10000038,77.09999847,968,68, 05:16,9,12
2019-09-26 05:17:51.744365,25.10000038,77,995,70, 05:17,9.25,12
2019-09-26 05:18:51.544249,,,1026,71, 05:18,9.55,12
2019-09-26 05:19:51.344309,25.10000038,77.19999695,1000,67, 05:19,9.33,12
2019-09-26 05:20:51.144364,25.10000038,77.19999695,954,55, 05:20,8.99,12
2019-09-26 05:21:50.944319,25.10000038,77,928,44, 05:21,8.84,12
2019-09-26 05:22:50.744246,25.10000038,76.69999695,907,50, 05:22,8.57,12
2019-09-26 05:23:50.544284,25.10000038,76.59999847,939,43, 05:23,8.96,12
2019-09-26 05:24:50.344373,25.10000038,76.40000153,896,59, 05:24,8.37,12
2019-09-26 05:25:50.144287,25.20000076,76.40000153,903,47, 05:25,8.56,12
2019-09-26 05:26:49.944326,25.20000076,76.30000305,930,60, 05:26,8.7,12
2019-09-26 05:27:49.744320,25.20000076,75.90000153,943,71, 05:27,8.72,12
2019-09-26 05:28:49.554332,,,1009,80, 05:28,9.29,12
2019-09-26 05:29:49.354262,25.29999924,76.40000153,1015,79, 05:29,9.36,12
2019-09-26 05:30:49.154308,25.29999924,76.40000153,1043,89, 05:30,9.54,12
2019-09-26 05:31:48.964295,25.29999924,76.59999847,1043,84, 05:31,9.59,12
2019-09-26 05:32:48.764305,25.20000076,76.59999847,1071,93, 05:32,9.78,12
2019-09-26 05:33:48.564350,25.20000076,76.80000305,1084,106, 05:33,9.78,12
2019-09-26 05:34:48.364305,25.20000076,76.90000153,1114,107, 05:34,10.07,12
2019-09-26 05:35:48.164338,25.20000076,76.90000153,1136,100, 05:35,10.36,12
2019-09-26 05:36:47.974293,25.20000076,77,1096,94, 05:36,10.02,12
2019-09-26 05:37:47.774378,,,1080,80, 05:37,10,12
2019-09-26 05:38:47.584327,25.20000076,77.09999847,1052,87, 05:38,9.65,12
2019-09-26 05:39:47.384357,25.20000076,77,991,64, 05:39,9.27,12
2019-09-26 05:40:47.184302,25.20000076,76.5,983,57, 05:40,9.26,12
2019-09-26 05:41:46.984340,25.20000076,76.40000153,962,52, 05:41,9.1,12
2019-09-26 05:42:46.794289,25.10000038,76.59999847,984,61, 05:42,9.23,12
2019-09-26 05:43:46.594312,25.20000076,76.30000305,953,54, 05:43,8.99,12
2019-09-26 05:44:46.394244,25.10000038,76.40000153,995,54, 05:44,9.41,12
2019-09-26 05:45:46.204332,25.10000038,76.40000153,1029,66, 05:45,9.63,12
2019-09-26 05:46:46.004274,25.10000038,77,1064,76, 05:46,9.88,12
2019-09-26 05:47:45.804342,25.20000076,76.90000153,956,63, 05:47,8.93,12
2019-09-26 05:48:45.604277,25.20000076,76.40000153,978,64, 05:48,9.14,12
2019-09-26 05:49:45.414337,,,991,65, 05:49,9.26,12
2019-09-26 05:50:45.214358,25.20000076,76,1054,97, 05:50,9.57,12
2019-09-26 05:51:45.014299,25.20000076,76.30000305,1026,71, 05:51,9.55,12
2019-09-26 05:52:44.814332,25.20000076,76.69999695,989,73, 05:52,9.16,12
2019-09-26 05:53:44.624292,25.20000076,76.5,1010,85, 05:53,9.25,12
2019-09-26 05:54:44.424329,25.20000076,76.5,1012,81, 05:54,9.31,12
2019-09-26 05:55:44.224388,25.29999924,76.5,1110,95, 05:55,10.15,12
2019-09-26 05:56:44.024317,25.29999924,76.69999695,1047,93, 05:56,9.54,12
2019-09-26 05:57:43.834289,25.39999962,76.80000305,1017,76, 05:57,9.41,12
2019-09-26 05:58:43.634335,25.39999962,76.09999847,1019,76, 05:58,9.43,12
2019-09-26 05:59:43.434369,25.29999924,76.30000305,1014,73, 05:59,9.41,12
2019-09-26 06:00:43.244368,,,1012,90, 06:00,9.22,12
2019-09-26 06:01:43.044381,25.29999924,76.19999695,1006,84, 06:01,9.22,12
2019-09-26 06:02:42.854321,25.29999924,76.30000305,1005,74, 06:02,9.31,12
2019-09-26 06:03:42.654263,25.39999962,76.30000305,994,71, 06:03,9.23,12
2019-09-26 06:04:42.454292,25.39999962,75.90000153,987,74, 06:04,9.13,12
2019-09-26 06:05:42.264343,25.39999962,76,974,67, 06:05,9.07,12
2019-09-26 06:06:42.064274,25.5,75.90000153,974,63, 06:06,9.11,12
2019-09-26 06:07:41.864337,25.60000038,75.5,926,63, 06:07,8.63,12
2019-09-26 06:08:41.674256,25.60000038,75,974,57, 06:08,9.17,12
2019-09-26 06:09:41.474304,25.70000076,75.09999847,1000,56, 06:09,9.44,12
2019-09-26 06:10:41.274353,25.70000076,75.30000305,950,54, 06:10,8.96,12
2019-09-26 06:11:41.084308,25.70000076,74.80000305,959,68, 06:11,8.91,12
2019-09-26 06:12:40.884451,25.60000038,74.69999695,921,52, 06:12,8.69,12
2019-09-26 06:13:40.684302,25.60000038,74.80000305,946,58, 06:13,8.88,12
2019-09-26 06:14:40.494331,25.70000076,75,929,61, 06:14,8.68,12
2019-09-26 06:15:40.294245,25.70000076,74.90000153,1041,73, 06:15,9.68,12
2019-09-26 06:16:40.104294,25.70000076,75.40000153,1057,71, 06:16,9.86,12
2019-09-26 06:17:39.904358,25.60000038,75.80000305,1028,80, 06:17,9.48,12
2019-09-26 06:18:39.704290,25.60000038,76.09999847,1082,78, 06:18,10.04,12
2019-09-26 06:19:39.514336,,,1062,82, 06:19,9.8,12
2019-09-26 06:20:39.314254,25.60000038,76,1049,70, 06:20,9.79,12
2019-09-26 06:21:39.114338,25.60000038,75.90000153,1061,81, 06:21,9.8,12
2019-09-26 06:22:38.924259,25.5,75.69999695,1066,77, 06:22,9.89,12
2019-09-26 06:23:38.724316,25.5,76.09999847,1085,85, 06:23,10,12
2019-09-26 06:24:38.534287,25.39999962,76.19999695,1128,91, 06:24,10.37,12
2019-09-26 06:25:38.334495,25.29999924,76.19999695,1099,80, 06:25,10.19,12
2019-09-26 06:26:38.134240,25.39999962,76.59999847,1085,81, 06:26,10.04,12
2019-09-26 06:27:37.934330,25.39999962,76.19999695,1095,107, 06:27,9.88,12
2019-09-26 06:28:37.734278,25.39999962,76,1137,118, 06:28,10.19,12
2019-09-26 06:29:37.534337,25.39999962,76.19999695,1101,93, 06:29,10.08,12
2019-09-26 06:30:37.334395,25.39999962,76.09999847,1097,98, 06:30,9.99,12
2019-09-26 06:31:37.134353,25.5,76.59999847,1077,89, 06:31,9.88,12
2019-09-26 06:32:36.934350,25.39999962,76.19999695,1065,80, 06:32,9.85,12
2019-09-26 06:33:36.734291,25.5,76.09999847,1089,92, 06:33,9.97,12
2019-09-26 06:34:36.534223,25.39999962,76.09999847,1038,67, 06:34,9.71,12
2019-09-26 06:35:36.334283,25.39999962,76.30000305,1092,70, 06:35,10.22,12
2019-09-26 06:36:36.124349,25.39999962,76.30000305,1172,84, 06:36,10.88,12
2019-09-26 06:37:35.924306,25.39999962,76.69999695,1178,76, 06:37,11.02,12
2019-09-26 06:38:35.724373,25.29999924,76.80000305,1141,76, 06:38,10.65,12
2019-09-26 06:39:35.524276,25.29999924,76.90000153,1090,69, 06:39,10.21,12
2019-09-26 06:40:35.334335,,,1064,60, 06:40,10.04,12
2019-09-26 06:41:35.134278,,,1077,66, 06:41,10.11,12
2019-09-26 06:42:34.934336,25.39999962,76.5,1112,73, 06:42,10.39,12
2019-09-26 06:43:34.734279,25.39999962,76.90000153,1107,69, 06:43,10.38,12
2019-09-26 06:44:34.534352,25.39999962,76.69999695,1093,70, 06:44,10.23,12
2019-09-26 06:45:34.334269,25.29999924,76.59999847,1124,68, 06:45,10.56,12
2019-09-26 06:46:34.134324,25.29999924,76.80000305,1102,79, 06:46,10.23,12
2019-09-26 06:47:33.934271,25.29999924,77.19999695,1162,82, 06:47,10.8,12
2019-09-26 06:48:33.734341,25.20000076,77.5,1089,74, 06:48,10.15,12
2019-09-26 06:49:33.534411,25.20000076,77.30000305,1074,60, 06:49,10.14,12
2019-09-26 06:50:33.334330,25.29999924,77.19999695,1072,54, 06:50,10.18,12
2019-09-26 06:51:33.134259,25.29999924,77,1072,55, 06:51,10.17,12
2019-09-26 06:52:32.934381,25.29999924,77,1081,59, 06:52,10.22,12
2019-09-26 06:53:32.734272,25.29999924,77,1078,59, 06:53,10.19,12
2019-09-26 06:54:32.534323,25.39999962,77.19999695,1020,62, 06:54,9.58,12
2019-09-26 06:55:32.334259,25.39999962,77.09999847,1064,62, 06:55,10.02,12
2019-09-26 06:56:32.134322,25.39999962,76.80000305,1042,53, 06:56,9.89,12
2019-09-26 06:57:31.934288,25.39999962,77.09999847,1026,51, 06:57,9.75,12
2019-09-26 06:58:31.734313,25.39999962,76.90000153,1007,58, 06:58,9.49,12
2019-09-26 06:59:31.544359,25.5,76.80000305,984,56, 06:59,9.28,12
2019-09-26 07:00:31.344285,25.39999962,76.19999695,981,46, 07:00,9.35,12
2019-09-26 07:01:31.144341,25.39999962,76.09999847,954,42, 07:01,9.12,12
2019-09-26 07:02:30.944293,25.39999962,76,991,60, 07:02,9.31,12
2019-09-26 07:03:30.744352,25.39999962,75.90000153,996,53, 07:03,9.43,12
2019-09-26 07:04:30.554254,25.5,76.09999847,1016,60, 07:04,9.56,12
2019-09-26 07:05:30.354311,25.5,76.19999695,1026,52, 07:05,9.74,12
2019-09-26 07:06:30.154244,25.60000038,76.19999695,1033,66, 07:06,9.67,12
2019-09-26 07:07:29.954301,25.60000038,75.90000153,979,53, 07:07,9.26,12
2019-09-26 07:08:29.754327,25.5,75.80000305,995,45, 07:08,9.5,12
2019-09-26 07:09:29.554267,25.60000038,76.09999847,1044,60, 07:09,9.84,12
2019-09-26 07:10:29.354377,25.60000038,75.80000305,977,51, 07:10,9.26,12
2019-09-26 07:11:29.164246,25.60000038,75.90000153,1021,61, 07:11,9.6,12
2019-09-26 07:12:28.964306,25.70000076,75.80000305,1032,63, 07:12,9.69,12
2019-09-26 07:13:28.774377,25.70000076,75.80000305,1015,61, 07:13,9.54,12
2019-09-26 07:14:28.574308,25.70000076,75.59999847,1050,73, 07:14,9.77,12
2019-09-26 07:15:28.384354,25.70000076,75.69999695,1057,74, 07:15,9.83,12
2019-09-26 07:16:28.194258,25.70000076,75.80000305,1049,68, 07:16,9.81,12
2019-09-26 07:17:27.994334,25.79999924,75.5,1065,68, 07:17,9.97,12
2019-09-26 07:18:27.804400,25.79999924,75.90000153,1185,87, 07:18,10.98,12
2019-09-26 07:19:27.614298,25.79999924,76,1344,107, 07:19,12.37,12
2019-09-26 07:20:27.414227,25.70000076,76,1197,87, 07:20,11.1,12
2019-09-26 07:21:27.214310,25.70000076,76.69999695,1127,67, 07:21,10.6,12
2019-09-26 07:22:27.024328,25.70000076,76.69999695,1097,78, 07:22,10.19,12
2019-09-26 07:23:26.824428,25.70000076,76.40000153,1111,72, 07:23,10.39,12
2019-09-26 07:24:26.624329,25.60000038,76.19999695,1074,61, 07:24,10.13,12
2019-09-26 07:25:26.434259,25.60000038,76.40000153,1101,68, 07:25,10.33,12
2019-09-26 07:26:26.234339,25.70000076,76.19999695,1058,68, 07:26,9.9,12
2019-09-26 07:27:26.034287,25.70000076,75.80000305,1045,66, 07:27,9.79,12
2019-09-26 07:28:25.844318,25.70000076,75.90000153,1061,66, 07:28,9.95,12
2019-09-26 07:29:25.644346,25.70000076,76.09999847,1123,83, 07:29,10.4,12
2019-09-26 07:30:25.444297,25.70000076,76.19999695,1074,81, 07:30,9.93,12
2019-09-26 07:31:25.254358,25.70000076,75.69999695,1088,70, 07:31,10.18,12
2019-09-26 07:32:25.054264,25.79999924,75.80000305,1139,84, 07:32,10.55,12
2019-09-26 07:33:24.864330,25.79999924,76,1181,110, 07:33,10.71,12
2019-09-26 07:34:24.664248,,,1156,104, 07:34,10.52,12
2019-09-26 07:35:24.474306,25.70000076,76.90000153,1141,84, 07:35,10.57,12
2019-09-26 07:36:24.274257,25.70000076,76.69999695,1149,79, 07:36,10.7,12
2019-09-26 07:37:24.084294,25.70000076,76.40000153,1156,78, 07:37,10.78,12
2019-09-26 07:38:23.884374,25.60000038,76.59999847,1149,71, 07:38,10.78,12
2019-09-26 07:39:23.684288,25.60000038,77,1137,64, 07:39,10.73,12
2019-09-26 07:40:23.494328,25.60000038,77.09999847,1100,63, 07:40,10.37,12
2019-09-26 07:41:23.294256,25.5,77,1084,64, 07:41,10.2,12
2019-09-26 07:42:23.094327,,,1052,52, 07:42,10,12
2019-09-26 07:43:22.904253,25.5,77.09999847,1026,59, 07:43,9.67,12
2019-09-26 07:44:22.704306,25.5,76.80000305,1080,66, 07:44,10.14,12
2019-09-26 07:45:22.504257,25.60000038,76.59999847,1085,61, 07:45,10.24,12
2019-09-26 07:46:22.304288,25.5,76.59999847,1041,66, 07:46,9.75,12
2019-09-26 07:47:22.104342,25.5,76.90000153,1061,68, 07:47,9.93,12
2019-09-26 07:48:21.904305,,,1079,59, 07:48,10.2,12
2019-09-26 07:49:21.704348,25.5,77.19999695,1031,65, 07:49,9.66,12
2019-09-26 07:50:21.504273,25.60000038,77,1034,66, 07:50,9.68,12
2019-09-26 07:51:21.304341,25.70000076,76.69999695,1053,60, 07:51,9.93,12
2019-09-26 07:52:21.104269,25.70000076,76.19999695,1041,66, 07:52,9.75,12
2019-09-26 07:53:20.904316,25.79999924,75.90000153,1051,64, 07:53,9.87,12
2019-09-26 07:54:20.704285,25.89999962,76.40000153,1265,93, 07:54,11.72,12
2019-09-26 07:55:20.504312,26,75.5,1251,96, 07:55,11.55,12
2019-09-26 07:56:20.304281,26,75.19999695,1162,82, 07:56,10.8,12
2019-09-26 07:57:20.104321,26.10000038,74.80000305,1155,95, 07:57,10.6,12
2019-09-26 07:58:19.904255,26.29999924,74.5,1090,81, 07:58,10.09,12
2019-09-26 07:59:19.714300,,,1001,64, 07:59,9.37,12
2019-09-26 08:00:19.514251,26.70000076,73.59999847,1030,72, 08:00,9.58,12
2019-09-26 08:01:19.314281,26.89999962,72.80000305,1037,74, 08:01,9.63,12
2019-09-26 08:02:19.114215,26.89999962,72.40000153,1095,77, 08:02,10.18,12
2019-09-26 08:03:18.914303,27,72.30000305,1195,94, 08:03,11.01,12
2019-09-26 08:04:18.724344,27.10000038,71.69999695,1143,89, 08:04,10.54,12
2019-09-26 08:05:18.524269,27.10000038,71.40000153,1274,104, 08:05,11.7,12
2019-09-26 08:06:18.324351,27,71.40000153,1227,96, 08:06,11.31,12
2019-09-26 08:07:18.124332,27.10000038,71.19999695,1263,106, 08:07,11.57,12
2019-09-26 08:08:17.934325,27.29999924,70.80000305,1321,106, 08:08,12.15,12
2019-09-26 08:09:17.744286,27.5,70.69999695,1243,101, 08:09,11.42,12
2019-09-26 08:10:17.554445,27.79999924,69.90000153,1319,116, 08:10,12.03,12
2019-09-26 08:11:17.354256,27.89999962,69,1342,127, 08:11,12.15,12
2019-09-26 08:12:17.164344,28,68.69999695,1244,112, 08:12,11.32,12
2019-09-26 08:13:16.974256,28.20000076,67.80000305,1195,102, 08:13,10.93,12
2019-09-26 08:14:16.784340,28.20000076,68,1281,107, 08:14,11.74,12
2019-09-26 08:15:16.604258,28.39999962,67.90000153,1315,110, 08:15,12.05,12
2019-09-26 08:16:16.414351,28.5,67.19999695,1296,116, 08:16,11.8,12
2019-09-26 08:17:16.224271,28.70000076,66.90000153,1335,119, 08:17,12.16,12
2019-09-26 08:18:16.034309,28.79999924,66.69999695,1310,116, 08:18,11.94,12
2019-09-26 08:19:15.844281,28.89999962,66.30000305,1307,111, 08:19,11.96,12
2019-09-26 08:20:15.654344,,,1414,130, 08:20,12.84,12
2019-09-26 08:21:15.464266,29.20000076,65.5,1285,110, 08:21,11.75,12
2019-09-26 08:22:15.274336,,,1275,104, 08:22,11.71,12
2019-09-26 08:23:15.084400,29.5,64.80000305,1274,100, 08:23,11.74,12
2019-09-26 08:24:14.904334,29.70000076,63.79999924,1256,111, 08:24,11.45,12
2019-09-26 08:25:14.714276,30,63.09999847,1297,109, 08:25,11.88,12
2019-09-26 08:26:14.534333,30.10000038,62.09999847,1246,110, 08:26,11.36,12
2019-09-26 08:27:14.344261,30.29999924,62.29999924,1130,104, 08:27,10.26,12
2019-09-26 08:28:14.164324,30.60000038,61.5,1202,109, 08:28,10.93,12
2019-09-26 08:29:13.984264,30.70000076,61,1137,108, 08:29,10.29,12
2019-09-26 08:31:13.624374,31.29999924,59.5,1073,106, 08:31,9.67,12
2019-09-26 08:32:13.444320,31.29999924,59.40000153,1146,115, 08:32,10.31,12
2019-09-26 08:33:13.274263,,,1150,110, 08:33,10.4,12
2019-09-26 08:34:13.084344,31.5,59,1097,106, 08:34,9.91,12
2019-09-26 08:35:12.904291,31.60000038,58.79999924,1022,103, 08:35,9.19,12
2019-09-26 08:36:12.734318,31.79999924,58.79999924,1132,119, 08:36,10.13,12
2019-09-26 08:37:12.554267,32.09999847,58,1132,110, 08:37,10.22,12
2019-09-26 08:38:12.374314,32.40000153,57.09999847,1160,107, 08:38,10.53,12
2019-09-26 08:39:12.194371,32.5,56.70000076,1113,101, 08:39,10.12,12
2019-09-26 08:40:12.024336,32.59999847,56.29999924,1108,105, 08:40,10.03,12
2019-09-26 08:41:11.844289,32.59999847,56.20000076,1111,98, 08:41,10.13,12
2019-09-26 08:42:11.674338,32.59999847,56.29999924,1142,113, 08:42,10.29,12
2019-09-26 08:43:11.504315,32.70000076,56.20000076,1122,98, 08:43,10.24,12
2019-09-26 08:44:11.324271,32.90000153,55.90000153,1103,97, 08:44,10.06,12
2019-09-26 08:45:11.154345,33,55.5,1073,92, 08:45,9.81,12
2019-09-26 08:46:10.984329,32.90000153,55.59999847,1082,96, 08:46,9.86,12
2019-09-26 08:47:10.814294,32.70000076,55.5,1109,95, 08:47,10.14,12
2019-09-26 08:48:10.634363,32.59999847,56,1084,93, 08:48,9.91,12
2019-09-26 08:49:10.464311,32.40000153,56.20000076,1124,105, 08:49,10.19,12
2019-09-26 08:50:10.294285,32.09999847,56.5,1076,91, 08:50,9.85,12
2019-09-26 08:51:10.124370,31.89999962,56.79999924,1094,92, 08:51,10.02,12
2019-09-26 08:52:09.954324,31.79999924,57.20000076,1216,109, 08:52,11.07,12
2019-09-26 08:53:09.784283,31.60000038,57.59999847,1238,113, 08:53,11.25,12
2019-09-26 08:54:09.614388,31.60000038,58,1171,104, 08:54,10.67,12
2019-09-26 08:55:09.434324,,,1161,98, 08:55,10.63,12
2019-09-26 08:57:09.094358,31.79999924,57.59999847,1159,103, 08:57,10.56,12
2019-09-26 08:58:08.914329,32.29999924,56.59999847,1075,94, 08:58,9.81,12
2019-09-26 08:59:08.744410,,,1096,93, 08:59,10.03,12
2019-09-26 09:00:08.574242,,,1136,95, 09:00,10.41,12
2019-09-26 09:01:08.394339,32.90000153,55.20000076,1081,93, 09:01,9.88,12
2019-09-26 09:02:08.224332,32.79999924,55.09999847,1090,89, 09:02,10.01,12
2019-09-26 09:03:08.054279,32.79999924,55.40000153,1062,98, 09:03,9.64,12
2019-09-26 09:04:07.884293,32.90000153,55.09999847,1116,106, 09:04,10.1,12
2019-09-26 09:05:07.714239,33.09999847,54.70000076,1090,96, 09:05,9.94,12
2019-09-26 09:06:07.544355,33.20000076,54.40000153,1064,92, 09:06,9.72,12
2019-09-26 09:07:07.374295,33.5,54.20000076,1065,95, 09:07,9.7,12
2019-09-26 09:08:07.204271,33.79999924,53.20000076,1012,92, 09:08,9.2,12
2019-09-26 09:09:07.034358,34,52.79999924,1053,94, 09:09,9.59,12
2019-09-26 09:10:06.874333,34.20000076,52.59999847,1050,90, 09:10,9.6,12
2019-09-26 09:11:06.704321,34.40000153,52,1048,94, 09:11,9.54,12
2019-09-26 09:12:06.534281,34.70000076,51.70000076,1028,92, 09:12,9.36,12
2019-09-26 09:13:06.374247,35,50.70000076,1044,92, 09:13,9.52,12
2019-09-26 09:14:06.204369,35.29999924,50.5,989,79, 09:14,9.1,12
2019-09-26 09:15:06.044284,35.5,49.59999847,955,73, 09:15,8.82,12
2019-09-26 09:16:05.874337,,,966,80, 09:16,8.86,12
2019-09-26 09:17:05.714389,35.29999924,49.40000153,983,74, 09:17,9.09,12
2019-09-26 09:18:05.544315,35.09999847,49.70000076,954,82, 09:18,8.72,12
2019-09-26 09:19:05.384296,35.09999847,50.09999847,926,79, 09:19,8.47,12
2019-09-26 09:20:05.224247,34.90000153,49.79999924,924,73, 09:20,8.51,12
2019-09-26 09:21:05.064352,35,49.59999847,925,93, 09:21,8.32,12
2019-09-26 09:22:04.894328,34.90000153,50,945,69, 09:22,8.76,12
2019-09-26 09:23:04.734285,,,948,83, 09:23,8.65,12
2019-09-26 09:24:04.574350,34.59999847,50.20000076,959,68, 09:24,8.91,12
2019-09-26 09:25:04.404337,34.5,50.59999847,956,81, 09:25,8.75,12
2019-09-26 09:26:04.244296,34.5,50.79999924,941,87, 09:26,8.54,12
2019-09-26 09:27:04.084244,,,924,67, 09:27,8.57,12
2019-09-26 09:28:03.924328,34.79999924,50.5,933,68, 09:28,8.65,12
2019-09-26 09:29:03.754314,35,50.40000153,938,76, 09:29,8.62,12
2019-09-26 09:30:03.594242,35.20000076,49.70000076,875,70, 09:30,8.05,12
2019-09-26 09:31:03.434363,35.5,48.70000076,897,74, 09:31,8.23,12
2019-09-26 09:32:03.274318,35.59999847,48.59999847,866,65, 09:32,8.01,12
2019-09-26 09:33:03.124285,35.90000153,48.09999847,914,85, 09:33,8.29,12
2019-09-26 09:34:02.964255,36.09999847,47.70000076,837,66, 09:34,7.71,12
2019-09-26 09:35:02.814374,36.5,47,861,63, 09:35,7.98,12
2019-09-26 09:36:02.654336,36.79999924,46.90000153,884,67, 09:36,8.17,12
2019-09-26 09:37:02.504347,37.20000076,46,836,61, 09:37,7.75,12
2019-09-26 09:38:02.354341,37.5,44.90000153,841,63, 09:38,7.78,12
2019-09-26 09:39:02.204311,37.90000153,44.20000076,795,61, 09:39,7.34,12
2019-09-26 09:40:02.054303,38.09999847,43.90000153,799,67, 09:40,7.32,12
2019-09-26 09:41:01.904287,38.29999924,43.09999847,811,69, 09:41,7.42,12
2019-09-26 09:42:01.744273,38.29999924,43,816,70, 09:42,7.46,12
2019-09-26 09:43:01.594373,38,42.79999924,805,66, 09:43,7.39,12
2019-09-26 09:44:01.434358,37.70000076,43.29999924,818,66, 09:44,7.52,12
2019-09-26 09:45:01.284369,37.5,43.59999847,836,68, 09:45,7.68,12
2019-09-26 09:46:01.134368,37.20000076,44.40000153,810,65, 09:46,7.45,12
2019-09-26 09:47:00.974377,37.20000076,44.20000076,831,77, 09:47,7.54,12
2019-09-26 09:48:00.824328,37,44.29999924,852,72, 09:48,7.8,12
2019-09-26 09:49:00.664376,36.90000153,44.59999847,803,69, 09:49,7.34,12
2019-09-26 09:50:00.504339,36.70000076,45.40000153,803,67, 09:50,7.36,12
2019-09-26 09:51:00.354361,36.59999847,45.5,841,65, 09:51,7.76,12
2019-09-26 09:52:00.194309,36.5,45.79999924,830,69, 09:52,7.61,12
2019-09-26 09:53:00.034324,36.5,45.90000153,858,66, 09:53,7.92,12
2019-09-26 09:53:59.884318,36.59999847,46,849,71, 09:53,7.78,12
2019-09-26 09:54:59.724312,37,45.40000153,839,71, 09:54,7.68,12
2019-09-26 09:55:59.574336,,,800,63, 09:55,7.37,12
2019-09-26 09:56:59.414317,37.20000076,44.29999924,788,68, 09:56,7.2,12
2019-09-26 09:57:59.264318,37.09999847,44,815,67, 09:57,7.48,12
2019-09-26 09:58:59.104352,36.90000153,44.29999924,824,63, 09:58,7.61,12
2019-09-26 09:59:58.954342,36.79999924,44.79999924,832,66, 09:59,7.66,12
2019-09-26 10:00:58.794345,36.59999847,45.5,848,66, 10:00,7.82,12
2019-09-26 10:01:58.644346,36.40000153,45.40000153,845,61, 10:01,7.84,12
2019-09-26 10:02:58.484324,36.29999924,45.59999847,836,73, 10:02,7.63,12
2019-09-26 10:03:58.324319,36.09999847,46.40000153,803,65, 10:03,7.38,12
2019-09-26 10:04:58.174301,36,46,800,79, 10:04,7.21,12
2019-09-26 10:05:58.014266,35.79999924,46.40000153,850,81, 10:05,7.69,12
2019-09-26 10:06:57.854360,35.5,46.40000153,1012,152, 10:06,8.6,12
2019-09-26 10:07:57.694287,35.40000153,47.5,1163,222, 10:07,9.41,12
2019-09-26 10:08:57.534279,35.29999924,47.79999924,1212,246, 10:08,9.66,12
2019-09-26 10:09:57.374350,35.59999847,47.59999847,940,126, 10:09,8.14,12
2019-09-26 10:10:57.214371,36,47.20000076,927,109, 10:10,8.18,12
2019-09-26 10:11:57.054332,36.59999847,46.59999847,1096,188, 10:11,9.08,12
2019-09-26 10:12:56.904351,37,45.5,908,106, 10:12,8.02,12
2019-09-26 10:13:56.744278,37.29999924,45.20000076,963,135, 10:13,8.28,12
2019-09-26 10:14:56.584373,37.70000076,44.59999847,831,83, 10:14,7.48,12
2019-09-26 10:15:56.434304,37.70000076,44.09999847,766,73, 10:15,6.93,12
2019-09-26 10:16:56.274346,37.79999924,44.20000076,717,61, 10:16,6.56,12
2019-09-26 10:17:56.114356,37.70000076,43.40000153,796,86, 10:17,7.1,12
2019-09-26 10:18:55.964365,37.5,44,791,76, 10:18,7.15,12
2019-09-26 10:19:55.804339,37.29999924,44.70000076,838,107, 10:19,7.31,12
2019-09-26 10:20:55.654248,37.29999924,44.40000153,747,70, 10:20,6.77,12
2019-09-26 10:21:55.494371,37.29999924,44,674,55, 10:21,6.19,12
2019-09-26 10:22:55.334271,37.29999924,44,669,53, 10:22,6.16,12
2019-09-26 10:23:55.184304,37.09999847,44.09999847,643,57, 10:23,5.86,12
2019-09-26 10:24:55.024353,,,683,69, 10:24,6.14,12
2019-09-26 10:25:54.864273,36.90000153,44.29999924,725,70, 10:25,6.55,12
2019-09-26 10:26:54.704259,,,648,43, 10:26,6.05,12
2019-09-26 10:27:54.554282,36.59999847,44.90000153,604,44, 10:27,5.6,12
2019-09-26 10:28:54.394268,36.40000153,44.90000153,617,52, 10:28,5.65,12
2019-09-26 10:29:54.234284,36.29999924,44.90000153,919,109, 10:29,8.1,12
2019-09-26 10:30:54.074293,36.29999924,45.40000153,679,68, 10:30,6.11,12
2019-09-26 10:31:53.914346,36.29999924,45.20000076,607,63, 10:31,5.44,12
2019-09-26 10:32:53.754371,36.5,45,624,52, 10:32,5.72,12
2019-09-26 10:33:53.594337,36.90000153,44.20000076,568,54, 10:33,5.14,12
2019-09-26 10:34:53.434402,37.09999847,43.40000153,567,44, 10:34,5.23,12
2019-09-26 10:35:53.284293,37.40000153,43.20000076,566,51, 10:35,5.15,12
2019-09-26 10:36:53.124279,37.59999847,42.5,536,38, 10:36,4.98,12
2019-09-26 10:37:52.974397,38,42.09999847,546,44, 10:37,5.02,12
2019-09-26 10:38:52.814340,,,563,41, 10:38,5.22,12
2019-09-26 10:39:52.664372,38.40000153,41.79999924,559,51, 10:39,5.08,12
2019-09-26 10:40:52.514389,38.79999924,41.40000153,523,43, 10:40,4.8,12
2019-09-26 10:41:52.364354,39,40.70000076,554,53, 10:41,5.01,12
2019-09-26 10:42:52.214372,39.40000153,40.40000153,504,43, 10:42,4.61,12
2019-09-26 10:43:52.064327,39.59999847,39.5,508,41, 10:43,4.67,12
2019-09-26 10:44:51.914365,39.70000076,39.40000153,487,33, 10:44,4.54,12
2019-09-26 10:45:51.764357,39.79999924,39.20000076,493,35, 10:45,4.58,12
2019-09-26 10:46:51.614270,39.90000153,38.90000153,486,32, 10:46,4.54,12
2019-09-26 10:47:51.454336,40,39,494,36, 10:47,4.58,12
2019-09-26 10:48:51.314320,40.09999847,38.70000076,702,155, 10:48,5.47,12
2019-09-26 10:49:51.164234,40.20000076,38.5,720,134, 10:49,5.86,12
2019-09-26 10:50:51.014284,40.20000076,38.5,1119,283, 10:50,8.36,12
2019-09-26 10:51:50.864273,40.20000076,38.09999847,1004,267, 10:51,7.37,12
2019-09-26 10:52:50.714312,40.29999924,38.20000076,645,113, 10:52,5.32,12
2019-09-26 10:53:50.564387,40.40000153,38.09999847,565,82, 10:53,4.83,12
2019-09-26 10:54:50.414302,40.5,38.09999847,501,50, 10:54,4.51,12
2019-09-26 10:55:50.264333,40.79999924,38,464,36, 10:55,4.28,12
2019-09-26 10:56:50.124367,41.09999847,37.59999847,439,36, 10:56,4.03,12
2019-09-26 10:57:49.984388,41.20000076,37.29999924,483,51, 10:57,4.32,12
2019-09-26 10:58:49.834375,41.29999924,37.29999924,535,60, 10:58,4.75,12
2019-09-26 10:59:49.694247,41.5,36.59999847,524,62, 10:59,4.62,12
2019-09-26 11:00:49.554265,41.40000153,36.5,488,56, 11:00,4.32,12
2019-09-26 11:01:49.414286,41.70000076,36.5,488,44, 11:01,4.44,12
2019-09-26 11:02:49.274333,41.90000153,36.09999847,483,47, 11:02,4.36,12
2019-09-26 11:03:49.144369,42.20000076,35.79999924,482,50, 11:03,4.32,12
2019-09-26 11:04:49.004236,42.29999924,35.59999847,451,38, 11:04,4.13,12
2019-09-26 11:05:48.874275,42.20000076,35.29999924,521,54, 11:05,4.67,12
2019-09-26 11:06:48.734308,,,458,38, 11:06,4.2,12
2019-09-26 11:07:48.604351,42,36,503,61, 11:07,4.42,12
2019-09-26 11:08:48.464374,41.90000153,36.40000153,505,66, 11:08,4.39,12
2019-09-26 11:09:48.324292,41.70000076,36,749,161, 11:09,5.88,12
2019-09-26 11:10:48.194356,41.40000153,36.40000153,1897,641, 11:10,12.56,12
2019-09-26 11:11:48.054405,41.40000153,36.5,5340,2161, 11:11,31.79,12
2019-09-26 11:12:47.914280,41.20000076,37,746,168, 11:12,5.78,12
2019-09-26 11:13:47.774316,,,604,106, 11:13,4.98,12
2019-09-26 11:14:47.634353,41.40000153,36.20000076,1177,343, 11:14,8.34,12
2019-09-26 11:15:47.494363,41.40000153,36.20000076,515,57, 11:15,4.58,12
2019-09-26 11:16:47.364327,41.79999924,35.79999924,465,47, 11:16,4.18,12
2019-09-26 11:17:47.224304,41.79999924,35.5,437,48, 11:17,3.89,12
2019-09-26 11:18:47.084407,41.90000153,35,448,34, 11:18,4.14,12
2019-09-26 11:19:46.954408,42.09999847,34.90000153,501,64, 11:19,4.37,12
2019-09-26 11:20:46.814372,42,35,539,65, 11:20,4.74,12
2019-09-26 11:21:46.674318,41.79999924,34.90000153,474,51, 11:21,4.23,12
2019-09-26 11:22:46.534401,41.59999847,35.59999847,532,67, 11:22,4.65,12
2019-09-26 11:23:46.394346,41.70000076,35.5,457,42, 11:23,4.15,12
2019-09-26 11:24:46.264273,41.70000076,35.40000153,438,37, 11:24,4.01,12
2019-09-26 11:25:46.124297,41.59999847,35.29999924,400,35, 11:25,3.65,12
2019-09-26 11:26:45.994422,41.70000076,35.09999847,411,26, 11:26,3.85,12
2019-09-26 11:27:45.864276,41.40000153,35.40000153,427,36, 11:27,3.91,12
2019-09-26 11:28:45.724366,41.5,35.59999847,462,45, 11:28,4.17,12
2019-09-26 11:29:45.584331,41.29999924,35.79999924,428,43, 11:29,3.85,12
2019-09-26 11:30:45.444302,41,36.20000076,454,36, 11:30,4.18,12
2019-09-26 11:31:45.304267,41,36.59999847,418,32, 11:31,3.86,12
2019-09-26 11:32:45.164221,40.90000153,36.90000153,436,33, 11:32,4.03,12
2019-09-26 11:33:45.024333,41,36.70000076,461,37, 11:33,4.24,12
2019-09-26 11:34:44.894255,41.09999847,36.20000076,459,46, 11:34,4.13,12
2019-09-26 11:35:44.754343,41.09999847,36.20000076,448,44, 11:35,4.04,12
2019-09-26 11:36:44.614277,41.20000076,36.40000153,468,38, 11:36,4.3,12
2019-09-26 11:37:44.474334,41.40000153,35.79999924,454,39, 11:37,4.15,12
2019-09-26 11:38:44.334276,41.40000153,35.90000153,449,45, 11:38,4.04,12
2019-09-26 11:39:44.194346,41.5,35.79999924,446,33, 11:39,4.13,12
2019-09-26 11:40:44.054287,41.5,35.79999924,478,45, 11:40,4.33,12
2019-09-26 11:41:43.914336,41.59999847,35.79999924,468,45, 11:41,4.23,12
2019-09-26 11:42:43.774311,41.5,35.70000076,474,42, 11:42,4.32,12
2019-09-26 11:43:43.634377,,,463,44, 11:43,4.19,12
2019-09-26 11:44:43.494322,,,452,42, 11:44,4.1,12
2019-09-26 11:45:43.364397,41.70000076,35.90000153,440,34, 11:45,4.06,12
2019-09-26 11:46:43.224355,,,468,37, 11:46,4.31,12
2019-09-26 11:47:43.084346,41.90000153,35.5,450,35, 11:47,4.15,12
2019-09-26 11:48:42.944231,41.70000076,35.59999847,468,43, 11:48,4.25,12
2019-09-26 11:49:42.814299,41.5,35.90000153,455,38, 11:49,4.17,12
2019-09-26 11:50:42.674255,41.29999924,36.20000076,437,42, 11:50,3.95,12
2019-09-26 11:51:42.534314,41.29999924,36.40000153,434,41, 11:51,3.93,12
2019-09-26 11:52:42.394273,41.40000153,36.40000153,457,37, 11:52,4.2,12
2019-09-26 11:53:42.264329,41.40000153,36.40000153,442,32, 11:53,4.1,12
2019-09-26 11:54:42.124269,41.5,36.29999924,463,41, 11:54,4.22,12
2019-09-26 11:55:41.984452,41.40000153,36.09999847,422,39, 11:55,3.83,12
2019-09-26 11:56:41.844301,41.40000153,36.20000076,459,40, 11:56,4.19,12
2019-09-26 11:57:41.704292,41.40000153,36,451,34, 11:57,4.17,12
2019-09-26 11:58:41.564359,41.20000076,36.29999924,488,40, 11:58,4.48,12
2019-09-26 11:59:41.424335,41.09999847,36.5,476,41, 11:59,4.35,12
2019-09-26 12:00:41.284300,41.09999847,36.59999847,438,33, 12:00,4.05,12
2019-09-26 12:01:41.144267,41.09999847,36.59999847,446,40, 12:01,4.06,12
2019-09-26 12:02:41.004234,41.40000153,36.40000153,471,37, 12:02,4.34,12
2019-09-26 12:03:40.864327,41.59999847,35.79999924,435,32, 12:03,4.03,12
2019-09-26 12:04:40.724299,41.70000076,35.90000153,457,36, 12:04,4.21,12
2019-09-26 12:05:40.584269,41.79999924,35.90000153,460,41, 12:05,4.19,12
2019-09-26 12:06:40.444342,42,35.70000076,446,27, 12:06,4.19,12
2019-09-26 12:07:40.304305,42,35.09999847,472,45, 12:07,4.27,12
2019-09-26 12:08:40.164203,42,35.20000076,461,35, 12:08,4.26,12
2019-09-26 12:09:40.034335,,,439,33, 12:09,4.06,12
2019-09-26 12:10:39.894286,42.29999924,34.79999924,453,35, 12:10,4.18,12
2019-09-26 12:11:39.764403,,,424,37, 12:11,3.87,12
2019-09-26 12:12:39.624307,42.5,34.90000153,446,35, 12:12,4.11,12
2019-09-26 12:13:39.484275,42.40000153,35.09999847,441,38, 12:13,4.03,12
2019-09-26 12:14:39.354350,42.5,35.20000076,439,34, 12:14,4.05,12
2019-09-26 12:15:39.214323,42.5,35.09999847,428,38, 12:15,3.9,12
2019-09-26 12:16:39.074388,42.40000153,35,445,39, 12:16,4.06,12
2019-09-26 12:17:38.934387,42.20000076,35,467,43, 12:17,4.24,12
2019-09-26 12:18:38.804412,42.09999847,35.09999847,403,31, 12:18,3.72,12
2019-09-26 12:19:38.674265,42.29999924,35.29999924,443,44, 12:19,3.99,12
2019-09-26 12:20:38.534273,42.5,35.09999847,434,42, 12:20,3.92,12
2019-09-26 12:21:38.394293,42.70000076,34.79999924,440,38, 12:21,4.02,12
2019-09-26 12:22:38.264285,42.79999924,34.59999847,456,38, 12:22,4.18,12
2019-09-26 12:23:38.124250,43,34.40000153,424,36, 12:23,3.88,12
2019-09-26 12:24:37.994382,42.90000153,34.29999924,433,35, 12:24,3.98,12
2019-09-26 12:25:37.864260,43,34.29999924,428,39, 12:25,3.89,12
2019-09-26 12:26:37.734373,43.09999847,34.29999924,458,34, 12:26,4.24,12
2019-09-26 12:27:37.604387,43.09999847,33.70000076,415,34, 12:27,3.81,12
2019-09-26 12:28:37.474314,43.09999847,34,441,34, 12:28,4.07,12
2019-09-26 12:29:37.344281,43,33.79999924,423,35, 12:29,3.88,12
2019-09-26 12:30:37.214260,43,34,422,34, 12:30,3.88,12
2019-09-26 12:31:37.074349,43,34.20000076,425,35, 12:31,3.9,12
2019-09-26 12:32:36.944350,43.09999847,34,450,31, 12:32,4.19,12
2019-09-26 12:33:36.804299,43.20000076,33.90000153,449,40, 12:33,4.09,12
2019-09-26 12:34:36.674269,43.20000076,33.90000153,435,39, 12:34,3.96,12
2019-09-26 12:35:36.544371,43.20000076,33.90000153,437,33, 12:35,4.04,12
2019-09-26 12:36:36.414318,43.29999924,33.90000153,458,38, 12:36,4.2,12
2019-09-26 12:37:36.284305,43.20000076,33.40000153,439,33, 12:37,4.06,12
2019-09-26 12:38:36.154239,42.90000153,33.90000153,454,34, 12:38,4.2,12
2019-09-26 12:39:36.014361,42.90000153,33.90000153,466,42, 12:39,4.24,12
2019-09-26 12:41:13.175867,42.90000153,34,461,40, 12:41,4.21,12
2019-09-26 12:42:35.620104,42.79999924,34.40000153,447,38, 12:42,4.09,12
2019-09-26 12:43:35.480109,42.59999847,34.5,425,30, 12:43,3.95,12
2019-09-26 12:44:35.350036,42.40000153,34.59999847,455,32, 12:44,4.23,12
2019-09-26 12:45:35.210099,,,478,37, 12:45,4.41,12
2019-09-26 12:46:35.080022,42.5,35,451,35, 12:46,4.16,12
2019-09-26 12:47:34.940113,42.5,34.79999924,467,38, 12:47,4.29,12
2019-09-26 12:48:34.810163,42.59999847,34.59999847,462,34, 12:48,4.28,12
2019-09-26 12:49:34.670042,42.40000153,34.79999924,477,39, 12:49,4.38,12
2019-09-26 12:50:34.540116,42.29999924,34.90000153,462,36, 12:50,4.26,12
2019-09-26 12:51:34.400073,42.09999847,35.09999847,454,37, 12:51,4.17,12
2019-09-26 12:52:34.270162,42.20000076,35.40000153,465,32, 12:52,4.33,12
2019-09-26 12:53:34.140079,42.40000153,35.29999924,470,44, 12:53,4.26,12
2019-09-26 12:54:34.010172,42.29999924,35.29999924,471,37, 12:54,4.34,12
2019-09-26 12:55:33.870046,42.20000076,35.40000153,491,42, 12:55,4.49,12
2019-09-26 12:56:33.740025,41.90000153,35.70000076,487,43, 12:56,4.44,12
2019-09-26 12:57:33.610029,41.79999924,35.70000076,481,34, 12:57,4.47,12
2019-09-26 12:58:33.470092,41.79999924,35.79999924,482,38, 12:58,4.44,12
2019-09-26 12:59:33.340103,41.70000076,35.90000153,484,43, 12:59,4.41,12
2019-09-26 13:00:33.210177,41.5,36.20000076,533,44, 13:00,4.89,12
2019-09-26 13:01:33.080129,41.20000076,36.40000153,510,43, 13:01,4.67,12
2019-09-26 13:02:32.940140,,,508,40, 13:02,4.68,12
2019-09-26 13:03:32.810100,40.79999924,36.70000076,539,46, 13:03,4.93,12
2019-09-26 13:04:32.670097,40.79999924,37,505,43, 13:04,4.62,12
2019-09-26 13:05:32.530073,40.79999924,37,493,36, 13:05,4.57,12
2019-09-26 13:06:32.400197,40.90000153,36.70000076,511,39, 13:06,4.72,12
2019-09-26 13:07:32.260120,41,36.40000153,523,41, 13:07,4.82,12
2019-09-26 13:08:32.120036,41.09999847,36.59999847,522,37, 13:08,4.85,12
2019-09-26 13:09:31.990050,41.20000076,36.29999924,506,36, 13:09,4.7,12
2019-09-26 13:10:31.840058,,,501,35, 13:10,4.66,12
2019-09-26 13:11:31.710178,41.40000153,36,508,45, 13:11,4.63,12
2019-09-26 13:12:31.570029,41.40000153,35.90000153,487,39, 13:12,4.48,12
2019-09-26 13:13:31.440091,41.5,35.79999924,484,41, 13:13,4.43,12
2019-09-26 13:14:31.300082,41.79999924,35.70000076,504,39, 13:14,4.65,12
2019-09-26 13:15:31.170178,42,35.5,489,29, 13:15,4.6,12
2019-09-26 13:16:31.040088,42.09999847,35.09999847,475,40, 13:16,4.35,12
2019-09-26 13:17:30.900066,42.20000076,35,510,38, 13:17,4.72,12
2019-09-26 13:18:30.770100,42.20000076,34.70000076,436,34, 13:18,4.02,12
2019-09-26 13:19:30.640096,42,34.90000153,489,36, 13:19,4.53,12
2019-09-26 13:20:30.500102,41.79999924,35,477,39, 13:20,4.38,12
2019-09-26 13:21:30.370079,,,507,38, 13:21,4.69,12
2019-09-26 13:22:30.230057,41.20000076,35.40000153,502,33, 13:22,4.69,12
2019-09-26 13:23:30.100187,41,36,471,36, 13:23,4.35,12
2019-09-26 13:24:29.960063,41,36.20000076,496,37, 13:24,4.59,12
2019-09-26 13:25:29.830049,41,36.20000076,452,31, 13:25,4.21,12
2019-09-26 13:26:29.690142,41.20000076,35.79999924,440,32, 13:26,4.08,12
2019-09-26 13:27:29.560005,41,35.90000153,476,31, 13:27,4.45,12
2019-09-26 13:28:29.430120,40.59999847,36.59999847,494,37, 13:28,4.57,12
2019-09-26 13:29:29.290093,40.20000076,37.40000153,495,37, 13:29,4.58,12
2019-09-26 13:30:29.160087,40,37.59999847,495,34, 13:30,4.61,12
2019-09-26 13:31:29.020061,,,476,37, 13:31,4.39,12
2019-09-26 13:32:28.880033,,,490,30, 13:32,4.6,12
2019-09-26 13:33:28.740118,40.59999847,37,500,41, 13:33,4.59,12
2019-09-26 13:34:28.610087,40.79999924,36.70000076,492,34, 13:34,4.58,12
2019-09-26 13:35:28.470038,,,490,35, 13:35,4.55,12
2019-09-26 13:36:28.340035,41,35.70000076,482,43, 13:36,4.39,12
2019-09-26 13:37:28.200171,41,36.09999847,479,34, 13:37,4.45,12
2019-09-26 13:38:28.070100,41.09999847,35.90000153,492,37, 13:38,4.55,12
2019-09-26 13:39:27.930052,41.20000076,35.59999847,448,32, 13:39,4.16,12
2019-09-26 13:40:27.800141,41.20000076,35.59999847,495,30, 13:40,4.65,12
2019-09-26 13:41:27.670120,41.09999847,35.59999847,480,39, 13:41,4.41,12
2019-09-26 13:42:27.540106,41.20000076,35.5,481,32, 13:42,4.49,12
2019-09-26 13:43:27.400058,41.40000153,35.59999847,473,39, 13:43,4.34,12
2019-09-26 13:44:27.270153,41.5,35.5,498,40, 13:44,4.58,12
2019-09-26 13:45:27.140106,41.59999847,35.20000076,476,35, 13:45,4.41,12
2019-09-26 13:46:27.010122,41.59999847,35.29999924,495,34, 13:46,4.61,12
2019-09-26 13:47:26.870135,41.5,35.29999924,489,40, 13:47,4.49,12
2019-09-26 13:48:26.740112,41.59999847,35.20000076,462,27, 13:48,4.35,12
2019-09-26 13:49:26.600039,,,477,37, 13:49,4.4,12
2019-09-26 13:50:26.470151,41.29999924,35.59999847,481,41, 13:50,4.4,12
2019-09-26 13:51:26.330233,41.29999924,35.70000076,490,44, 13:51,4.46,12
2019-09-26 13:52:26.200040,41.40000153,35.29999924,485,41, 13:52,4.44,12
2019-09-26 13:53:26.060178,41.20000076,35.09999847,482,37, 13:53,4.45,12
2019-09-26 13:54:25.930106,41.09999847,35.40000153,487,38, 13:54,4.49,12
2019-09-26 13:55:25.790044,41.09999847,35.40000153,474,35, 13:55,4.39,12
2019-09-26 13:56:25.660012,41,35.5,499,35, 13:56,4.64,12
2019-09-26 13:57:25.520091,41.09999847,35.5,509,41, 13:57,4.68,12
2019-09-26 13:58:25.380054,41.20000076,35.29999924,500,36, 13:58,4.64,12
2019-09-26 13:59:25.240165,41,35.40000153,509,37, 13:59,4.72,12
2019-09-26 14:00:25.110155,41.09999847,35.70000076,490,39, 14:00,4.51,12
2019-09-26 14:01:24.970087,41.09999847,35.5,519,39, 14:01,4.8,12
2019-09-26 14:02:24.840056,41,35.79999924,512,44, 14:02,4.68,12
2019-09-26 14:03:24.700125,40.90000153,36.09999847,490,37, 14:03,4.53,12
2019-09-26 14:04:24.570089,41.09999847,35.59999847,468,44, 14:04,4.24,12
2019-09-26 14:05:24.430057,41.09999847,35.70000076,477,43, 14:05,4.34,12
2019-09-26 14:06:24.300033,41.40000153,35.59999847,452,37, 14:06,4.15,12
2019-09-26 14:07:24.170134,41.5,35.29999924,485,39, 14:07,4.46,12
2019-09-26 14:08:24.030091,41.59999847,34.79999924,460,39, 14:08,4.21,12
2019-09-26 14:09:23.900060,41.70000076,34.90000153,467,39, 14:09,4.28,12
2019-09-26 14:10:23.770105,41.5,34.79999924,467,43, 14:10,4.24,12
2019-09-26 14:11:23.640129,41.40000153,35.09999847,462,36, 14:11,4.26,12
2019-09-26 14:12:23.500110,41.40000153,35.20000076,467,37, 14:12,4.3,12
2019-09-26 14:13:23.370093,41.29999924,35.09999847,458,35, 14:13,4.23,12
2019-09-26 14:14:23.240037,41.40000153,34.90000153,460,43, 14:14,4.17,12
2019-09-26 14:15:23.100093,41.29999924,35.09999847,449,32, 14:15,4.17,12
2019-09-26 14:16:22.970069,41.09999847,35.29999924,453,33, 14:16,4.2,12
2019-09-26 14:17:22.840043,40.90000153,35.40000153,450,34, 14:17,4.16,12
2019-09-26 14:19:22.570127,40.70000076,35.90000153,475,36, 14:19,4.39,12
2019-09-26 14:21:22.290019,,,439,33, 14:21,4.06,12
2019-09-26 14:23:22.020118,39.90000153,37.20000076,444,30, 14:23,4.14,12
2019-09-26 14:25:21.730026,39.40000153,37.40000153,467,32, 14:25,4.35,12
2019-09-26 14:27:21.450070,,,466,35, 14:27,4.31,12
2019-09-26 14:29:21.170125,,,463,38, 14:29,4.25,12
2019-09-26 14:31:20.890072,39.29999924,37.90000153,452,39, 14:31,4.13,12
2019-09-26 14:33:20.610122,,,444,36, 14:33,4.08,12
2019-09-26 14:35:20.320044,39.29999924,37.59999847,444,36, 14:35,4.08,12
2019-09-26 14:36:20.180160,39.29999924,37.40000153,455,34, 14:36,4.21,12
2019-09-26 14:37:20.040111,39.29999924,37.79999924,449,29, 14:37,4.2,12
2019-09-26 14:38:19.900068,39.29999924,37.90000153,447,35, 14:38,4.12,12
2019-09-26 14:39:19.750008,39.29999924,37.90000153,448,38, 14:39,4.1,12
2019-09-26 14:40:19.610079,39.29999924,37.70000076,442,37, 14:40,4.05,12
2019-09-26 14:41:19.460014,39.20000076,37.09999847,459,39, 14:41,4.2,12
2019-09-26 14:42:19.320091,39.29999924,37.09999847,465,35, 14:42,4.3,12
2019-09-26 14:43:19.170060,39.20000076,37.20000076,430,32, 14:43,3.98,12
2019-09-26 14:44:19.030140,39.29999924,37.29999924,446,31, 14:44,4.15,12
2019-09-26 14:45:18.890081,39.29999924,37.29999924,466,35, 14:45,4.31,12
2019-09-26 14:46:18.740023,39.40000153,37.59999847,451,37, 14:46,4.14,12
2019-09-26 14:47:18.600111,39.59999847,37.5,445,36, 14:47,4.09,12
2019-09-26 14:48:18.460066,39.90000153,37.20000076,461,33, 14:48,4.28,12
2019-09-26 14:49:18.320122,40,37,462,33, 14:49,4.29,12
2019-09-26 14:50:18.170074,40.20000076,36.40000153,455,29, 14:50,4.26,12
2019-09-26 14:51:18.040207,40.40000153,36.5,459,32, 14:51,4.27,12
2019-09-26 14:52:17.900128,40.59999847,36.5,450,31, 14:52,4.19,12
2019-09-26 14:53:17.760067,40.79999924,36,443,34, 14:53,4.09,12
2019-09-26 14:54:17.620285,41.09999847,35.70000076,445,33, 14:54,4.12,12
2019-09-26 14:55:17.480101,41.20000076,35.59999847,438,28, 14:55,4.1,12
2019-09-26 14:56:17.340062,41.20000076,35,460,35, 14:56,4.25,12
2019-09-26 14:57:17.200025,41.20000076,35,451,32, 14:57,4.19,12
2019-09-26 14:58:17.060110,41.09999847,35.20000076,427,29, 14:58,3.98,12
2019-09-26 14:59:16.920157,40.90000153,35.59999847,437,28, 14:59,4.09,12
2019-09-26 15:00:16.780151,40.79999924,35.70000076,459,30, 15:00,4.29,12
2019-09-26 15:01:16.640140,40.79999924,36,419,32, 15:01,3.87,12
2019-09-26 15:02:16.510071,40.59999847,36.09999847,434,34, 15:02,4,12
2019-09-26 15:03:16.370183,40.40000153,36.40000153,431,28, 15:03,4.03,12
2019-09-26 15:04:16.240127,40.20000076,36.40000153,423,26, 15:04,3.97,12
2019-09-26 15:05:16.100073,40,36.90000153,418,31, 15:05,3.87,12
2019-09-26 15:06:15.960082,39.79999924,37.09999847,429,26, 15:06,4.03,12
2019-09-26 15:07:15.830151,39.70000076,37.20000076,412,30, 15:07,3.82,12
2019-09-26 15:08:15.690111,39.59999847,37.59999847,445,30, 15:08,4.15,12
2019-09-26 15:09:15.550056,39.40000153,37.5,444,30, 15:09,4.14,12
2019-09-26 15:10:15.420154,39.20000076,37.29999924,444,30, 15:10,4.14,12
2019-09-26 15:11:15.280145,39,37.79999924,453,28, 15:11,4.25,12
2019-09-26 15:12:15.140054,38.90000153,38,428,33, 15:12,3.95,12
2019-09-26 15:13:15.000032,38.79999924,38.20000076,439,29, 15:13,4.1,12
2019-09-26 15:14:14.860143,38.70000076,38.09999847,457,29, 15:14,4.28,12
2019-09-26 15:15:14.710080,38.59999847,38.09999847,463,40, 15:15,4.23,12
2019-09-26 15:16:14.570182,38.5,38.40000153,457,40, 15:16,4.17,12
2019-09-26 15:17:14.430017,38.40000153,38.79999924,418,31, 15:17,3.87,12
2019-09-26 15:18:14.290122,38.40000153,38.90000153,461,32, 15:18,4.29,12
2019-09-26 15:19:14.140113,38.40000153,39,444,26, 15:19,4.18,12
2019-09-26 15:20:13.990065,38.40000153,39.09999847,435,35, 15:20,4,12
2019-09-26 15:21:13.850046,38.5,39,427,24, 15:21,4.03,12
2019-09-26 15:22:13.700085,38.59999847,38.90000153,431,31, 15:22,4,12
2019-09-26 15:23:13.550120,38.70000076,38.59999847,413,27, 15:23,3.86,12
2019-09-26 15:24:13.400046,38.79999924,38.5,435,33, 15:24,4.02,12
2019-09-26 15:25:13.260068,38.79999924,38.5,426,28, 15:25,3.98,12
2019-09-26 15:26:13.110107,38.90000153,38.20000076,392,30, 15:26,3.62,12
2019-09-26 15:27:12.960200,39,38.09999847,389,31, 15:27,3.58,12
2019-09-26 15:28:12.810101,39,37.29999924,384,26, 15:28,3.58,12
2019-09-26 15:29:12.670153,39,37.09999847,383,24, 15:29,3.59,12
2019-09-26 15:30:12.520091,39.09999847,37.20000076,408,29, 15:30,3.79,12
2019-09-26 15:31:12.380195,39.09999847,37.29999924,417,35, 15:31,3.82,12
2019-09-26 15:32:12.230083,39.20000076,37.29999924,373,27, 15:32,3.46,12
2019-09-26 15:33:12.090139,39.29999924,37.20000076,374,24, 15:33,3.5,12
2019-09-26 15:34:11.940078,39.29999924,37,369,24, 15:34,3.45,12
2019-09-26 15:35:11.800147,39.29999924,37,374,19, 15:35,3.55,12
2019-09-26 15:36:11.650105,39.40000153,37.09999847,347,19, 15:36,3.28,12
2019-09-26 15:37:11.510031,39.40000153,36.79999924,382,29, 15:37,3.53,12
2019-09-26 15:38:11.370083,39.29999924,36.90000153,392,27, 15:38,3.65,12
2019-09-26 15:39:11.340141,39.40000153,37.09999847,351,21, 15:39,3.3,12
2019-09-26 15:40:11.080087,39.29999924,37.20000076,357,22, 15:40,3.35,12
2019-09-26 15:41:10.940049,39.29999924,37.09999847,353,25, 15:41,3.28,12
2019-09-26 15:42:10.790106,39.29999924,36.79999924,351,27, 15:42,3.24,12
2019-09-26 15:43:10.650054,39.40000153,36.90000153,349,22, 15:43,3.27,12
2019-09-26 15:44:10.510149,39.29999924,36.90000153,343,25, 15:44,3.18,12
2019-09-26 15:45:10.360090,39.29999924,36.79999924,350,25, 15:45,3.25,12
2019-09-26 15:46:10.220037,39.29999924,36.5,326,19, 15:46,3.07,12
2019-09-26 15:47:10.070170,39.29999924,36.40000153,359,21, 15:47,3.38,12
2019-09-26 15:48:09.930084,39.40000153,36.40000153,370,24, 15:48,3.46,12
2019-09-26 15:49:09.790057,39.40000153,36.5,380,31, 15:49,3.49,12
2019-09-26 15:50:09.640119,39.40000153,36.5,358,22, 15:50,3.36,12
2019-09-26 15:51:09.490053,39.5,36.79999924,350,17, 15:51,3.33,12
2019-09-26 15:52:09.340011,39.59999847,36.29999924,345,20, 15:52,3.25,12
2019-09-26 15:53:09.200096,39.59999847,36,341,23, 15:53,3.18,12
2019-09-26 15:54:09.050067,39.59999847,35.79999924,326,23, 15:54,3.03,12
2019-09-26 15:55:08.900128,39.59999847,35.90000153,344,14, 15:55,3.3,12
2019-09-26 15:56:08.750066,39.59999847,35.79999924,334,22, 15:56,3.12,12
2019-09-26 15:57:08.600050,39.59999847,35.79999924,342,23, 15:57,3.19,12
2019-09-26 15:58:08.460092,39.59999847,36,330,24, 15:58,3.06,12
2019-09-26 15:59:08.310043,39.5,35.79999924,331,25, 15:59,3.06,12
2019-09-26 16:00:08.160099,39.40000153,36,340,24, 16:00,3.16,12
2019-09-26 16:01:08.010068,39.5,36.09999847,321,23, 16:01,2.98,12
2019-09-26 16:02:07.870168,39.59999847,36.09999847,303,19, 16:02,2.84,12
2019-09-26 16:03:07.720042,39.59999847,35.79999924,340,25, 16:03,3.15,12
2019-09-26 16:04:07.580127,39.59999847,35.70000076,344,18, 16:04,3.26,12
2019-09-26 16:05:07.440067,39.70000076,35.90000153,317,20, 16:05,2.97,12
2019-09-26 16:06:07.290046,39.79999924,35.79999924,331,20, 16:06,3.11,12
2019-09-26 16:07:07.150125,39.79999924,35.5,326,22, 16:07,3.04,12
2019-09-26 16:08:07.010100,39.79999924,35.40000153,325,18, 16:08,3.07,12
2019-09-26 16:09:06.860028,39.90000153,35.40000153,332,25, 16:09,3.07,12
2019-09-26 16:10:06.720099,39.90000153,35.40000153,339,30, 16:10,3.09,12
2019-09-26 16:11:06.570066,39.90000153,35.29999924,329,24, 16:11,3.05,12
2019-09-26 16:12:06.430044,39.90000153,35.5,295,16, 16:12,2.79,12
2019-09-26 16:13:06.290097,40,35.5,319,17, 16:13,3.02,12
2019-09-26 16:14:06.150077,40,35.5,312,19, 16:14,2.93,12
2019-09-26 16:15:06.000170,40,35.5,340,19, 16:15,3.21,12
2019-09-26 16:16:05.860114,40,35.59999847,326,26, 16:16,3,12
2019-09-26 16:17:05.720060,40.09999847,35.79999924,320,22, 16:17,2.98,12
2019-09-26 16:18:05.590014,40.09999847,35.40000153,331,22, 16:18,3.09,12
2019-09-26 16:19:05.450101,40.09999847,35.5,317,19, 16:19,2.98,12
2019-09-26 16:20:05.300070,40.09999847,35.5,324,19, 16:20,3.05,12
2019-09-26 16:21:05.160163,40.20000076,35.29999924,323,22, 16:21,3.01,12
2019-09-26 16:22:05.020156,40.20000076,35.20000076,308,18, 16:22,2.9,12
2019-09-26 16:23:04.880107,40.20000076,35.29999924,316,21, 16:23,2.95,12
2019-09-26 16:24:04.740094,40.09999847,35,331,24, 16:24,3.07,12
2019-09-26 16:25:04.600159,40.09999847,35.20000076,319,27, 16:25,2.92,12
2019-09-26 16:26:04.460110,40,35.09999847,321,21, 16:26,3,12
2019-09-26 16:27:04.320193,40,35.40000153,323,25, 16:27,2.98,12
2019-09-26 16:28:04.180141,40,35.5,336,22, 16:28,3.14,12
2019-09-26 16:29:04.040052,39.90000153,35.59999847,324,21, 16:29,3.03,12
2019-09-26 16:30:03.890020,39.90000153,35.5,298,20, 16:30,2.78,12
2019-09-26 16:31:03.750127,40,35.09999847,336,21, 16:31,3.15,12
2019-09-26 16:32:03.610072,40,35.40000153,322,21, 16:32,3.01,12
2019-09-26 16:33:03.470014,39.90000153,35.5,342,28, 16:33,3.14,12
2019-09-26 16:34:03.330111,39.90000153,35.5,340,22, 16:34,3.18,12
2019-09-26 16:35:03.190078,39.79999924,35.59999847,350,23, 16:35,3.27,12
2019-09-26 16:36:03.040027,39.79999924,35.79999924,359,28, 16:36,3.31,12
2019-09-26 16:37:02.900107,39.59999847,35.59999847,350,29, 16:37,3.21,12
2019-09-26 16:38:02.760081,39.40000153,35.59999847,319,22, 16:38,2.97,12
2019-09-26 16:39:02.620051,39.20000076,36.09999847,349,26, 16:39,3.23,12
2019-09-26 16:40:02.470119,39,36.40000153,334,21, 16:40,3.13,12
2019-09-26 16:41:02.330071,38.90000153,36.5,335,21, 16:41,3.14,12
2019-09-26 16:42:02.190159,38.90000153,36.70000076,317,27, 16:42,2.9,12
2019-09-26 16:43:02.040135,38.79999924,36.90000153,326,22, 16:43,3.04,12
2019-09-26 16:44:01.900096,38.70000076,37,341,25, 16:44,3.16,12
2019-09-26 16:45:01.750075,38.59999847,37.79999924,329,24, 16:45,3.05,12
2019-09-26 16:46:01.600119,,,339,32, 16:46,3.07,12
2019-09-26 16:47:01.460073,38.29999924,37.5,359,30, 16:47,3.29,12
2019-09-26 16:48:01.310044,38.09999847,37.70000076,330,19, 16:48,3.11,12
2019-09-26 16:49:01.160123,37.90000153,38.20000076,347,25, 16:49,3.22,12
2019-09-26 16:50:01.020113,37.70000076,38.29999924,365,32, 16:50,3.33,12
2019-09-26 16:51:00.870083,37.5,38.59999847,360,26, 16:51,3.34,12
2019-09-26 16:52:00.720182,37.40000153,38.79999924,370,30, 16:52,3.4,12
2019-09-26 16:53:00.570138,37.29999924,39.70000076,382,35, 16:53,3.47,12
2019-09-26 16:54:00.420114,37.20000076,39.79999924,401,32, 16:54,3.69,12
2019-09-26 16:55:00.280105,37.20000076,40.20000076,411,43, 16:55,3.68,12
2019-09-26 16:56:00.130083,37,40.59999847,415,45, 16:56,3.7,12
2019-09-26 16:56:59.980151,36.90000153,41.29999924,423,34, 16:56,3.89,12
2019-09-26 16:57:59.820124,36.70000076,41.90000153,408,34, 16:57,3.74,12
2019-09-26 16:58:59.670114,36.5,42.20000076,413,45, 16:58,3.68,12
2019-09-26 16:59:59.510213,36.29999924,42.70000076,408,36, 16:59,3.72,12
2019-09-26 17:00:59.360208,36.20000076,43.40000153,429,40, 17:00,3.89,12
2019-09-26 17:01:59.200257,36,43.90000153,418,45, 17:01,3.73,12
2019-09-26 17:02:59.050091,35.90000153,45.09999847,434,39, 17:02,3.95,12
2019-09-26 17:03:58.890079,35.79999924,45.5,445,45, 17:03,4,12
2019-09-26 17:04:58.730044,35.59999847,46.29999924,444,43, 17:04,4.01,12
2019-09-26 17:05:58.580029,35.5,47.5,432,40, 17:05,3.92,12
2019-09-26 17:06:58.420116,35.40000153,46.90000153,458,44, 17:06,4.14,12
2019-09-26 17:07:58.260115,35.29999924,47.29999924,469,49, 17:07,4.2,12
2019-09-26 17:08:58.100080,35.20000076,47.90000153,457,45, 17:08,4.12,12
2019-09-26 17:09:57.940182,35.09999847,47.59999847,441,46, 17:09,3.95,12
2019-09-26 17:10:57.770096,35,47.70000076,432,39, 17:10,3.93,12
2019-09-26 17:11:57.620158,34.90000153,47.09999847,432,36, 17:11,3.96,12
2019-09-26 17:12:57.450090,34.79999924,47.29999924,427,34, 17:12,3.93,12
2019-09-26 17:13:57.290208,34.79999924,47.40000153,427,38, 17:13,3.89,12
2019-09-26 17:14:57.130116,34.79999924,47.40000153,427,39, 17:14,3.88,12
2019-09-26 17:15:56.960142,,,409,36, 17:15,3.73,12
2019-09-26 17:16:56.800136,34.79999924,47.09999847,416,39, 17:16,3.77,12
2019-09-26 17:17:56.640037,34.79999924,47.20000076,411,32, 17:17,3.79,12
2019-09-26 17:18:56.470085,,,426,35, 17:18,3.91,12
2019-09-26 17:19:56.310048,34.79999924,47.09999847,400,38, 17:19,3.62,12
2019-09-26 17:20:56.140102,34.70000076,46.79999924,383,29, 17:20,3.54,12
2019-09-26 17:21:55.980046,34.70000076,46.90000153,406,32, 17:21,3.74,12
2019-09-26 17:22:55.810111,34.79999924,46.90000153,389,31, 17:22,3.58,12
2019-09-26 17:23:55.650035,34.79999924,47,387,28, 17:23,3.59,12
2019-09-26 17:24:55.480108,34.79999924,47.09999847,388,28, 17:24,3.6,12
2019-09-26 17:25:55.320061,34.90000153,47,419,31, 17:25,3.88,12
2019-09-26 17:26:55.160141,34.90000153,46.90000153,417,33, 17:26,3.84,12
2019-09-26 17:27:55.000101,35,46.79999924,407,32, 17:27,3.75,12
2019-09-26 17:28:54.840143,35,46.59999847,414,41, 17:28,3.73,12
2019-09-26 17:29:54.680191,35.09999847,46.59999847,405,32, 17:29,3.73,12
2019-09-26 17:30:54.520136,35.20000076,46.79999924,377,32, 17:30,3.45,12
2019-09-26 17:31:54.360138,35.20000076,46.09999847,382,30, 17:31,3.52,12
2019-09-26 17:32:54.200099,35.20000076,46,381,21, 17:32,3.6,12
2019-09-26 17:33:54.040154,35.20000076,46,374,25, 17:33,3.49,12
2019-09-26 17:34:53.880081,35.29999924,45.70000076,378,33, 17:34,3.45,12
2019-09-26 17:36:53.570074,35.29999924,45.70000076,414,27, 17:36,3.87,12
2019-09-26 17:37:53.410097,35.29999924,45.90000153,397,30, 17:37,3.67,12
2019-09-26 17:38:53.250152,35.40000153,45.40000153,412,29, 17:38,3.83,12
2019-09-26 17:39:53.090099,35.29999924,45.40000153,407,31, 17:39,3.76,12
2019-09-26 17:40:52.930055,35.40000153,45.40000153,386,36, 17:40,3.5,12
2019-09-26 17:41:52.770131,35.40000153,45.40000153,434,32, 17:41,4.02,12
2019-09-26 17:42:52.610110,35.40000153,45,424,26, 17:42,3.98,12
2019-09-26 17:43:52.450055,35.40000153,44.70000076,424,30, 17:43,3.94,12
2019-09-26 17:44:52.290133,35.40000153,45.09999847,415,34, 17:44,3.81,12
2019-09-26 17:45:52.120058,35.40000153,45,418,32, 17:45,3.86,12
2019-09-26 17:46:51.960032,35.5,45.20000076,403,30, 17:46,3.73,12
2019-09-26 17:47:51.800120,35.5,44.90000153,429,35, 17:47,3.94,12
2019-09-26 17:48:51.640119,35.59999847,44.79999924,430,28, 17:48,4.02,12
2019-09-26 17:49:51.480047,35.59999847,45.20000076,430,36, 17:49,3.94,12
2019-09-26 17:50:51.320132,35.59999847,45.09999847,438,39, 17:50,3.99,12
2019-09-26 17:51:51.160111,35.5,45.09999847,448,36, 17:51,4.12,12
2019-09-26 17:52:51.000176,35.5,45.29999924,429,29, 17:52,4,12
2019-09-26 17:53:50.840141,35.5,45.29999924,424,33, 17:53,3.91,12
2019-09-26 17:54:50.680093,,,419,28, 17:54,3.91,12
2019-09-26 17:55:50.520127,35.5,45.20000076,417,31, 17:55,3.86,12
2019-09-26 17:56:50.350096,35.5,45.59999847,416,35, 17:56,3.81,12
2019-09-26 17:57:50.190100,35.70000076,45.40000153,410,33, 17:57,3.77,12
2019-09-26 17:58:50.030012,35.70000076,45.5,418,32, 17:58,3.86,12
2019-09-26 17:59:49.870115,35.79999924,45.29999924,438,45, 17:59,3.93,12
2019-09-26 18:00:49.710068,35.79999924,45,420,35, 18:00,3.85,12
2019-09-26 18:01:49.550020,35.79999924,44.90000153,420,28, 18:01,3.92,12
2019-09-26 18:02:49.390090,35.79999924,44.59999847,419,35, 18:02,3.84,12
2019-09-26 18:03:49.230015,35.79999924,44.5,389,25, 18:03,3.64,12
2019-09-26 18:04:49.070059,35.79999924,44.5,404,29, 18:04,3.75,12
2019-09-26 18:05:48.910104,35.90000153,44.09999847,397,39, 18:05,3.58,12
2019-09-26 18:06:48.750087,35.90000153,44.20000076,390,22, 18:06,3.68,12
2019-09-26 18:07:48.590101,35.90000153,44.40000153,404,31, 18:07,3.73,12
2019-09-26 18:08:48.440120,36,44.20000076,401,32, 18:08,3.69,12
2019-09-26 18:09:48.280064,36.09999847,44.09999847,427,25, 18:09,4.02,12
2019-09-26 18:10:48.120118,36.09999847,44,426,34, 18:10,3.92,12
2019-09-26 18:11:47.970052,36.09999847,43.79999924,429,28, 18:11,4.01,12
2019-09-26 18:12:47.810065,36.09999847,43.70000076,417,34, 18:12,3.83,12
2019-09-26 18:13:47.650135,36.20000076,43.70000076,426,33, 18:13,3.93,12
2019-09-26 18:14:47.490051,36.20000076,43.79999924,423,33, 18:14,3.9,12
2019-09-26 18:15:47.329999,36.20000076,43.29999924,396,33, 18:15,3.63,12
2019-09-26 18:16:47.180155,36.20000076,43.5,404,35, 18:16,3.69,12
2019-09-26 18:17:47.020093,36.29999924,43.29999924,416,30, 18:17,3.86,12
2019-09-26 18:18:46.870143,36.29999924,43.5,436,42, 18:18,3.94,12
2019-09-26 18:19:46.710071,36.29999924,43.40000153,406,32, 18:19,3.74,12
2019-09-26 18:20:46.550143,36.20000076,43.29999924,431,30, 18:20,4.01,12
2019-09-26 18:21:46.390086,36.20000076,43.29999924,435,32, 18:21,4.03,12
2019-09-26 18:22:46.240144,36.29999924,43.29999924,418,38, 18:22,3.8,12
2019-09-26 18:23:46.080047,36.20000076,43.29999924,416,30, 18:23,3.86,12
2019-09-26 18:24:45.920115,36.29999924,43.29999924,415,27, 18:24,3.88,12
2019-09-26 18:25:45.770048,36.40000153,43.29999924,421,25, 18:25,3.96,12
2019-09-26 18:26:45.610103,36.29999924,43.09999847,400,28, 18:26,3.72,12
2019-09-26 18:27:45.460054,36.29999924,43.29999924,404,31, 18:27,3.73,12
2019-09-26 18:28:45.300104,36.29999924,43,411,36, 18:28,3.75,12
2019-09-26 18:29:45.150057,36.29999924,42.90000153,393,29, 18:29,3.64,12
2019-09-26 18:30:44.990127,36.40000153,41.70000076,415,34, 18:30,3.81,12
2019-09-26 18:31:44.840050,36.29999924,41.70000076,397,32, 18:31,3.65,12
2019-09-26 18:32:44.690097,36.29999924,42.20000076,383,26, 18:32,3.57,12
2019-09-26 18:33:44.530035,36.20000076,42.09999847,389,26, 18:33,3.63,12
2019-09-26 18:34:44.380076,36.20000076,42.40000153,371,30, 18:34,3.41,12
2019-09-26 18:35:44.230127,36.20000076,41.59999847,379,27, 18:35,3.52,12
2019-09-26 18:36:44.080130,36.29999924,41.70000076,406,31, 18:36,3.75,12
2019-09-26 18:37:43.919999,36.29999924,41.70000076,393,27, 18:37,3.66,12
2019-09-26 18:38:43.770048,36.20000076,41.79999924,391,25, 18:38,3.66,12
2019-09-26 18:39:43.620124,,,403,30, 18:39,3.73,12
2019-09-26 18:40:43.460028,36.09999847,41.5,383,24, 18:40,3.59,12
2019-09-26 18:41:43.310089,36.09999847,41.29999924,375,27, 18:41,3.48,12
2019-09-26 18:42:43.150146,36.09999847,41.5,404,35, 18:42,3.69,12
2019-09-26 18:43:42.990081,36.09999847,41.59999847,386,23, 18:43,3.63,12
2019-09-26 18:44:42.830017,,,368,22, 18:44,3.46,12
2019-09-26 18:45:42.680134,35.90000153,41.5,376,26, 18:45,3.5,12
2019-09-26 18:46:42.520124,35.79999924,41.79999924,405,21, 18:46,3.84,12
2019-09-26 18:47:42.360061,,,409,28, 18:47,3.81,12
2019-09-26 18:48:42.200123,35.79999924,41.79999924,405,25, 18:48,3.8,12
2019-09-26 18:49:42.040065,35.70000076,41.79999924,385,25, 18:49,3.6,12
2019-09-26 18:50:41.890116,35.70000076,41.79999924,372,25, 18:50,3.47,12
2019-09-26 18:51:41.730052,35.79999924,42.09999847,415,28, 18:51,3.87,12
2019-09-26 18:52:41.570118,35.70000076,41.70000076,422,27, 18:52,3.95,12
2019-09-26 18:53:41.410057,35.70000076,42,402,22, 18:53,3.8,12
2019-09-26 18:54:41.260131,35.70000076,42.20000076,397,27, 18:54,3.7,12
2019-09-26 18:55:41.100046,35.59999847,42.20000076,411,29, 18:55,3.82,12
2019-09-26 18:56:40.950081,35.59999847,42.29999924,422,32, 18:56,3.9,12
2019-09-26 18:57:40.790158,35.59999847,42.5,393,30, 18:57,3.63,12
2019-09-26 18:58:40.630019,35.59999847,42.5,378,28, 18:58,3.5,12
2019-09-26 18:59:40.480041,35.70000076,42.40000153,381,23, 18:59,3.58,12
2019-09-26 19:00:40.320095,35.70000076,42.29999924,413,27, 19:00,3.86,12
2019-09-26 19:01:40.160124,35.70000076,42.29999924,396,23, 19:01,3.73,12
2019-09-26 19:02:40.010036,35.70000076,42.5,401,24, 19:02,3.77,12
2019-09-26 19:03:39.850047,35.70000076,42.70000076,390,24, 19:03,3.66,12
2019-09-26 19:04:39.690084,35.70000076,42.70000076,390,31, 19:04,3.59,12
2019-09-26 19:05:39.540110,35.70000076,43.40000153,409,36, 19:05,3.73,12
2019-09-26 19:06:39.380028,35.70000076,43.70000076,411,26, 19:06,3.85,12
2019-09-26 19:07:39.220068,35.5,44.29999924,474,31, 19:07,4.43,12
2019-09-26 19:08:39.070124,35.59999847,45.09999847,507,29, 19:08,4.78,12
2019-09-26 19:09:38.910050,35.5,45.20000076,512,22, 19:09,4.9,12
2019-09-26 19:10:38.750104,,,532,34, 19:10,4.98,12
2019-09-26 19:11:38.590187,35.5,45.70000076,592,30, 19:11,5.62,12
2019-09-26 19:12:38.430095,35.29999924,46,675,36, 19:12,6.39,12
2019-09-26 19:13:38.280162,35.29999924,46.40000153,689,31, 19:13,6.58,12
2019-09-26 19:14:38.120078,35.29999924,46.79999924,746,30, 19:14,7.16,12
2019-09-26 19:15:37.970167,35.29999924,47.20000076,597,31, 19:15,5.66,12
2019-09-26 19:16:37.820084,35.29999924,46.20000076,604,33, 19:16,5.71,12
2019-09-26 19:17:37.670111,35.20000076,47.09999847,599,31, 19:17,5.68,12
2019-09-26 19:18:37.510060,35.20000076,47,560,28, 19:18,5.32,12
2019-09-26 19:19:37.360119,35.20000076,47.5,516,28, 19:19,4.88,12
2019-09-26 19:20:37.210031,35.09999847,47.29999924,507,33, 19:20,4.74,12
2019-09-26 19:21:37.060083,35,47.90000153,500,35, 19:21,4.65,12
2019-09-26 19:22:36.910025,35,48.40000153,567,42, 19:22,5.25,12
2019-09-26 19:23:36.760076,35,48.70000076,751,37, 19:23,7.14,12
2019-09-26 19:24:36.610141,34.90000153,49.20000076,652,45, 19:24,6.07,12
2019-09-26 19:25:36.460058,34.79999924,49.29999924,608,37, 19:25,5.71,12
2019-09-26 19:26:36.310123,34.79999924,49.59999847,535,38, 19:26,4.97,12
2019-09-26 19:27:36.150081,34.70000076,49.79999924,530,39, 19:27,4.91,12
2019-09-26 19:28:36.000130,34.59999847,50.09999847,477,33, 19:28,4.44,12
2019-09-26 19:29:35.850067,34.40000153,50.40000153,503,35, 19:29,4.68,12
2019-09-26 19:30:35.700135,34.40000153,51.09999847,539,33, 19:30,5.06,12
2019-09-26 19:31:35.540222,34.29999924,51.29999924,569,30, 19:31,5.39,12
2019-09-26 19:32:35.390130,34.29999924,51.29999924,620,33, 19:32,5.87,12
2019-09-26 19:33:35.230041,34.09999847,51.70000076,733,39, 19:33,6.94,12
2019-09-26 19:34:35.070081,,,684,31, 19:34,6.53,12
2019-09-26 19:35:34.910115,,,646,35, 19:35,6.11,12
2019-09-26 19:36:34.750025,33.90000153,52.59999847,669,36, 19:36,6.33,12
2019-09-26 19:37:34.590063,33.79999924,52.90000153,654,34, 19:37,6.2,12
2019-09-26 19:38:34.430105,33.79999924,53.20000076,597,30, 19:38,5.67,12
2019-09-26 19:39:34.280152,33.70000076,53.09999847,609,26, 19:39,5.83,12
2019-09-26 19:40:34.120067,33.59999847,53,646,31, 19:40,6.15,12
2019-09-26 19:41:33.960116,33.5,52.90000153,750,38, 19:41,7.12,12
2019-09-26 19:42:33.800031,33.40000153,53.5,745,34, 19:42,7.11,12
2019-09-26 19:43:33.640077,33.40000153,53.70000076,793,33, 19:43,7.6,12
2019-09-26 19:44:33.480132,33.29999924,54.09999847,827,33, 19:44,7.94,12
2019-09-26 19:45:33.320074,33.20000076,54.40000153,900,40, 19:45,8.6,12
2019-09-26 19:46:33.150202,33.20000076,54.40000153,919,33, 19:46,8.86,12
2019-09-26 19:47:32.990128,33.20000076,54.40000153,856,40, 19:47,8.16,12
2019-09-26 19:48:32.830084,33.09999847,54.40000153,829,53, 19:48,7.76,12
2019-09-26 19:49:32.660170,33,54.29999924,794,45, 19:49,7.49,12
2019-09-26 19:50:32.490015,33,54.29999924,748,40, 19:50,7.08,12
2019-09-26 19:51:32.330077,33,54.79999924,814,53, 19:51,7.61,12
2019-09-26 19:52:32.160107,33,55.20000076,796,51, 19:52,7.45,12
2019-09-26 19:53:31.990153,32.79999924,55.09999847,721,32, 19:53,6.89,12
2019-09-26 19:54:31.830075,32.79999924,55.29999924,697,41, 19:54,6.56,12
2019-09-26 19:55:31.660150,32.79999924,55.40000153,693,45, 19:55,6.48,12
2019-09-26 19:56:31.490051,32.70000076,55.20000076,673,37, 19:56,6.36,12
2019-09-26 19:57:31.320098,32.59999847,55.29999924,631,41, 19:57,5.9,12
2019-09-26 19:58:31.150154,32.59999847,55.29999924,651,43, 19:58,6.08,12
2019-09-26 19:59:30.980136,32.5,55.59999847,577,37, 19:59,5.4,12
2019-09-26 20:00:30.810025,32.5,55.5,567,41, 20:00,5.26,12
2019-09-26 20:01:30.640074,32.40000153,55.59999847,550,40, 20:01,5.1,12
2019-09-26 20:02:30.470162,32.29999924,55.59999847,559,35, 20:02,5.24,12
2019-09-26 20:03:30.300029,,,542,33, 20:03,5.09,12
2019-09-26 20:04:30.130085,32.20000076,55.70000076,536,35, 20:04,5.01,12
2019-09-26 20:05:29.950024,32.20000076,55.79999924,605,40, 20:05,5.65,12
2019-09-26 20:06:29.780059,32.20000076,56.20000076,643,40, 20:06,6.03,12
2019-09-26 20:07:29.610102,,,649,39, 20:07,6.1,12
2019-09-26 20:08:29.440018,32.09999847,56.59999847,658,39, 20:08,6.19,12
2019-09-26 20:09:29.270100,32.09999847,56.90000153,664,38, 20:09,6.26,12
2019-09-26 20:10:29.100104,32,56.79999924,730,43, 20:10,6.87,12
2019-09-26 20:11:28.930033,31.89999962,56.90000153,688,42, 20:11,6.46,12
2019-09-26 20:12:28.760091,31.89999962,56.90000153,648,36, 20:12,6.12,12
2019-09-26 20:13:28.590124,31.79999924,56.90000153,646,33, 20:13,6.13,12
2019-09-26 20:14:28.420034,31.79999924,56.79999924,617,39, 20:14,5.78,12
2019-09-26 20:15:28.250080,31.79999924,57,574,44, 20:15,5.3,12
2019-09-26 20:16:28.080003,31.70000076,57.20000076,567,33, 20:16,5.34,12
2019-09-26 20:17:27.910064,31.60000038,57.40000153,581,35, 20:17,5.46,12
2019-09-26 20:18:27.740127,31.60000038,57.40000153,566,35, 20:18,5.31,12
2019-09-26 20:19:27.570034,31.60000038,57.09999847,608,43, 20:19,5.65,12
2019-09-26 20:20:27.400074,31.5,57.29999924,668,43, 20:20,6.25,12
2019-09-26 20:21:27.230151,31.5,57.20000076,658,45, 20:21,6.13,12
2019-09-26 20:22:27.050083,31.5,57.40000153,613,35, 20:22,5.78,12
2019-09-26 20:23:26.880097,31.5,57.29999924,614,40, 20:23,5.74,12
2019-09-26 20:24:26.700140,31.5,57.59999847,614,35, 20:24,5.79,12
2019-09-26 20:25:26.540031,31.5,57.59999847,646,44, 20:25,6.02,12
2019-09-26 20:26:26.360048,31.39999962,57.70000076,579,32, 20:26,5.47,12
2019-09-26 20:27:26.190083,31.39999962,57.59999847,598,38, 20:27,5.6,12
2019-09-26 20:28:26.020104,31.29999924,57.70000076,604,40, 20:28,5.64,12
2019-09-26 20:29:25.850257,31.29999924,57.79999924,657,40, 20:29,6.17,12
2019-09-26 20:30:25.670164,31.20000076,57.90000153,702,40, 20:30,6.62,12
2019-09-26 20:31:25.500085,31.20000076,57.90000153,660,32, 20:31,6.28,12
2019-09-26 20:32:25.330051,31.20000076,57.90000153,624,31, 20:32,5.93,12
2019-09-26 20:33:25.150106,31.20000076,57.90000153,633,39, 20:33,5.94,12
2019-09-26 20:34:24.980109,31.20000076,58,664,44, 20:34,6.2,12
2019-09-26 20:35:24.820156,31.20000076,57.90000153,649,36, 20:35,6.13,12
2019-09-26 20:36:24.650191,31.10000038,57.79999924,675,42, 20:36,6.33,12
2019-09-26 20:37:24.480083,31,57.79999924,668,35, 20:37,6.33,12
2019-09-26 20:38:24.320101,31,57.79999924,715,31, 20:38,6.84,12
2019-09-26 20:39:24.150185,30.89999962,58.40000153,826,43, 20:39,7.83,12
2019-09-26 20:40:23.980074,30.89999962,58.40000153,779,35, 20:40,7.44,12
2019-09-26 20:41:23.810084,30.89999962,58.29999924,812,40, 20:41,7.72,12
2019-09-26 20:42:23.640139,30.89999962,58.59999847,780,43, 20:42,7.37,12
2019-09-26 20:43:23.470182,30.79999924,58.70000076,829,37, 20:43,7.92,12
2019-09-26 20:44:23.300069,30.89999962,58.40000153,796,36, 20:44,7.6,12
2019-09-26 20:45:23.130119,30.79999924,58.20000076,802,39, 20:45,7.63,12
2019-09-26 20:46:22.970172,30.79999924,58.20000076,795,38, 20:46,7.57,12
2019-09-26 20:47:22.800077,30.70000076,58.5,766,47, 20:47,7.19,12
2019-09-26 20:49:22.470139,30.70000076,58.5,703,36, 20:49,6.67,12
2019-09-26 20:51:22.130111,30.70000076,58.40000153,691,39, 20:51,6.52,12
2019-09-26 20:53:21.800057,30.70000076,57.79999924,719,31, 20:53,6.88,12
2019-09-26 20:55:21.460043,30.70000076,58.59999847,696,40, 20:55,6.56,12
2019-09-26 20:57:21.120119,30.60000038,58.5,835,46, 20:57,7.89,12
2019-09-26 20:59:20.780136,,,780,52, 20:59,7.28,12
2019-09-26 21:01:20.440196,30.39999962,59.20000076,758,42, 21:01,7.16,12
2019-09-26 21:02:20.270035,30.29999924,60.40000153,750,43, 21:02,7.07,12
2019-09-26 21:04:19.920069,30.29999924,60,761,44, 21:04,7.17,12
2019-09-26 21:05:19.740072,30.29999924,59.79999924,749,40, 21:05,7.09,12
2019-09-26 21:06:19.560090,30.29999924,60,703,34, 21:06,6.69,12
2019-09-26 21:07:19.380142,30.29999924,60.40000153,675,44, 21:07,6.31,12
2019-09-26 21:08:19.210008,30.29999924,60.09999847,653,38, 21:08,6.15,12
2019-09-26 21:09:19.030156,30.29999924,60,598,34, 21:09,5.64,12
2019-09-26 21:10:18.850046,30.29999924,60,668,44, 21:10,6.24,12
2019-09-26 21:11:18.680071,30.29999924,60.20000076,655,36, 21:11,6.19,12
2019-09-26 21:12:18.500107,30.29999924,60.90000153,619,33, 21:12,5.86,12
2019-09-26 21:13:18.320128,30.29999924,59.70000076,645,41, 21:13,6.04,12
2019-09-26 21:14:18.150061,30.29999924,60,701,44, 21:14,6.57,12
2019-09-26 21:15:17.970048,30.20000076,60.5,662,36, 21:15,6.26,12
2019-09-26 21:16:17.790167,30.20000076,60.90000153,670,33, 21:16,6.37,12
2019-09-26 21:17:17.610046,30.20000076,60.90000153,660,37, 21:17,6.23,12
2019-09-26 21:18:17.430157,30.29999924,60.5,642,33, 21:18,6.09,12
2019-09-26 21:19:17.250113,30.20000076,60.09999847,680,36, 21:19,6.44,12
2019-09-26 21:20:17.070060,30.20000076,59.79999924,649,36, 21:20,6.13,12
2019-09-26 21:21:16.900057,30.20000076,60.70000076,656,42, 21:21,6.14,12
2019-09-26 21:22:16.720063,30.20000076,60.09999847,683,32, 21:22,6.51,12
2019-09-26 21:23:16.540066,30.20000076,60,706,40, 21:23,6.66,12
2019-09-26 21:24:16.370064,30.10000038,60.5,733,36, 21:24,6.97,12
2019-09-26 21:25:16.190102,30.10000038,61.09999847,741,40, 21:25,7.01,12
2019-09-26 21:26:16.010114,30,61.20000076,763,50, 21:26,7.13,12
2019-09-26 21:27:15.830110,30,61.20000076,768,39, 21:27,7.29,12
2019-09-26 21:28:15.650122,30,62.09999847,798,57, 21:28,7.41,12
2019-09-26 21:29:15.470026,30,62.09999847,786,38, 21:29,7.48,12
2019-09-26 21:30:15.290188,29.89999962,62,813,47, 21:30,7.66,12
2019-09-26 21:31:15.120040,30,61.70000076,831,53, 21:31,7.78,12
2019-09-26 21:32:14.940047,29.89999962,61.90000153,871,51, 21:32,8.2,12
2019-09-26 21:33:14.760049,30,61.59999847,938,46, 21:33,8.92,12
2019-09-26 21:34:14.580192,30,62.09999847,948,39, 21:34,9.09,12
2019-09-26 21:35:14.400060,29.89999962,62,915,47, 21:35,8.68,12
2019-09-26 21:36:14.220044,29.89999962,62.40000153,889,36, 21:36,8.53,12
2019-09-26 21:37:14.050041,29.79999924,62.70000076,974,51, 21:37,9.23,12
2019-09-26 21:38:13.870076,29.70000076,62.5,880,43, 21:38,8.37,12
2019-09-26 21:39:13.690075,29.70000076,61.90000153,836,40, 21:39,7.96,12
2019-09-26 21:40:13.510102,29.70000076,62.40000153,876,45, 21:40,8.31,12
2019-09-26 21:41:13.330008,29.70000076,62.20000076,845,41, 21:41,8.04,12
2019-09-26 21:42:13.160037,29.70000076,62.20000076,835,49, 21:42,7.86,12
2019-09-26 21:43:12.980076,29.60000038,63,793,37, 21:43,7.56,12
2019-09-26 21:44:12.800126,29.5,62.09999847,793,42, 21:44,7.51,12
2019-09-26 21:45:12.620044,29.5,62.40000153,775,38, 21:45,7.37,12
2019-09-26 21:46:12.440095,29.5,62.70000076,729,40, 21:46,6.89,12
2019-09-26 21:47:12.260021,29.5,62.20000076,739,40, 21:47,6.99,12
2019-09-26 21:48:12.080108,29.5,62.29999924,700,36, 21:48,6.64,12
2019-09-26 21:49:11.900164,29.39999962,62.29999924,703,35, 21:49,6.68,12
2019-09-26 21:50:11.720112,29.39999962,62.29999924,698,40, 21:50,6.58,12
2019-09-26 21:51:11.540068,29.39999962,62.20000076,702,40, 21:51,6.62,12
2019-09-26 21:52:11.360159,,,753,46, 21:52,7.07,12
2019-09-26 21:53:11.180085,29.39999962,62.90000153,721,38, 21:53,6.83,12
2019-09-26 21:54:11.000184,29.39999962,62.59999847,752,42, 21:54,7.1,12
2019-09-26 21:55:10.820024,29.39999962,62.70000076,740,35, 21:55,7.05,12
2019-09-26 21:56:10.640089,29.39999962,62.90000153,695,40, 21:56,6.55,12
2019-09-26 21:57:10.460053,29.39999962,63.20000076,676,35, 21:57,6.41,12
2019-09-26 21:58:10.270052,29.29999924,62.5,672,43, 21:58,6.29,12
2019-09-26 21:59:10.090002,29.29999924,62.70000076,675,35, 21:59,6.4,12
2019-09-26 22:00:09.910124,29.29999924,62.90000153,689,35, 22:00,6.54,12
2019-09-26 22:01:09.730099,29.29999924,62.79999924,669,33, 22:01,6.36,12
2019-09-26 22:02:09.550137,29.29999924,62.70000076,687,37, 22:02,6.5,12
2019-09-26 22:03:09.370058,29.29999924,63.29999924,714,37, 22:03,6.77,12
2019-09-26 22:04:09.190089,29.29999924,63.20000076,704,32, 22:04,6.72,12
2019-09-26 22:05:09.010037,29.39999962,63.09999847,817,49, 22:05,7.68,12
2019-09-26 22:06:08.830095,29.39999962,63.09999847,800,44, 22:06,7.56,12
2019-09-26 22:07:08.650024,29.39999962,64.30000305,855,50, 22:07,8.05,12
2019-09-26 22:08:08.470053,29.5,64.19999695,842,47, 22:08,7.95,12
2019-09-26 22:09:08.290097,29.60000038,64.59999847,797,38, 22:09,7.59,12
2019-09-26 22:10:08.110142,29.60000038,63.70000076,786,40, 22:10,7.46,12
2019-09-26 22:11:07.940111,29.70000076,63.29999924,745,32, 22:11,7.13,12
2019-09-26 22:12:07.760081,29.70000076,62.90000153,734,40, 22:12,6.94,12
2019-09-26 22:13:07.580179,29.70000076,62.70000076,791,43, 22:13,7.48,12
2019-09-26 22:14:07.400144,29.60000038,63.29999924,882,49, 22:14,8.33,12
2019-09-26 22:15:07.220041,29.60000038,64.59999847,887,52, 22:15,8.35,12
2019-09-26 22:16:07.040082,29.60000038,64.90000153,876,49, 22:16,8.27,12
2019-09-26 22:17:06.860126,29.60000038,65,850,48, 22:17,8.02,12
2019-09-26 22:18:06.680059,29.60000038,64.59999847,837,54, 22:18,7.83,12
2019-09-26 22:19:06.500161,29.60000038,64.69999695,832,47, 22:19,7.85,12
2019-09-26 22:20:06.320134,29.60000038,64.40000153,774,47, 22:20,7.27,12
2019-09-26 22:21:06.140104,29.60000038,64,820,50, 22:21,7.7,12
2019-09-26 22:22:05.970080,29.70000076,64.30000305,768,42, 22:22,7.26,12
2019-09-26 22:23:05.790110,29.60000038,64,802,42, 22:23,7.6,12
2019-09-26 22:24:05.610098,29.5,63.59999847,731,42, 22:24,6.89,12
2019-09-26 22:25:05.430119,29.5,63.79999924,803,50, 22:25,7.53,12
2019-09-26 22:26:05.250131,29.5,63.79999924,736,46, 22:26,6.9,12
2019-09-26 22:27:05.070190,29.5,64,717,37, 22:27,6.8,12
2019-09-26 22:28:04.890110,29.5,63.09999847,725,56, 22:28,6.69,12
2019-09-26 22:29:04.710027,29.5,62.70000076,710,38, 22:29,6.72,12
2019-09-26 22:30:04.530102,29.39999962,64,758,46, 22:30,7.12,12
2019-09-26 22:31:04.350068,29.39999962,63.40000153,751,42, 22:31,7.09,12
2019-09-26 22:32:04.170055,29.39999962,63.59999847,929,80, 22:32,8.49,12
2019-09-26 22:33:03.990101,29.39999962,64,889,67, 22:33,8.22,12
2019-09-26 22:34:03.810151,29.29999924,64.09999847,870,64, 22:34,8.06,12
2019-09-26 22:35:03.620100,29.39999962,64.30000305,894,59, 22:35,8.35,12
2019-09-26 22:36:03.440080,29.29999924,64.40000153,805,57, 22:36,7.48,12
2019-09-26 22:37:03.260072,29.29999924,64.59999847,794,46, 22:37,7.48,12
2019-09-26 22:38:03.080077,29.39999962,64.30000305,768,42, 22:38,7.26,12
2019-09-26 22:39:02.890094,29.29999924,64.30000305,799,42, 22:39,7.57,12
2019-09-26 22:40:02.710141,29.29999924,64.40000153,756,44, 22:40,7.12,12
2019-09-26 22:41:02.520184,29.29999924,64.09999847,760,46, 22:41,7.14,12
2019-09-26 22:42:02.340100,29.29999924,64.19999695,742,44, 22:42,6.98,12
2019-09-26 22:43:02.160163,29.39999962,64.30000305,720,40, 22:43,6.8,12
2019-09-26 22:44:01.980126,29.39999962,63.79999924,789,46, 22:44,7.43,12
2019-09-26 22:45:01.790161,29.39999962,63.90000153,854,43, 22:45,8.11,12
2019-09-26 22:46:01.620104,29.5,64.40000153,803,50, 22:46,7.53,12
2019-09-26 22:47:01.440043,29.39999962,64.59999847,841,45, 22:47,7.96,12
2019-09-26 22:48:01.260173,29.39999962,64.59999847,824,44, 22:48,7.8,12
2019-09-26 22:49:01.080095,29.5,64.5,912,65, 22:49,8.47,12
2019-09-26 22:50:00.900037,29.5,65.19999695,889,52, 22:50,8.37,12
2019-09-26 22:51:00.730076,29.39999962,65.19999695,901,55, 22:51,8.46,12
2019-09-26 22:52:00.540093,29.39999962,65.19999695,869,60, 22:52,8.09,12
2019-09-26 22:53:00.360048,29.39999962,65.19999695,884,47, 22:53,8.37,12
2019-09-26 22:54:00.180124,29.5,65.5,889,58, 22:54,8.31,12
2019-09-26 22:55:00.000070,29.39999962,65.09999847,842,48, 22:55,7.94,12
2019-09-26 22:55:59.820043,29.39999962,65.19999695,852,58, 22:55,7.94,12
2019-09-26 22:56:59.650104,29.39999962,64.59999847,849,46, 22:56,8.03,12
2019-09-26 22:57:59.470078,29.5,64.90000153,855,45, 22:57,8.1,12
2019-09-26 22:58:59.290053,29.5,64.40000153,851,54, 22:58,7.97,12
2019-09-26 22:59:59.110106,29.5,65,885,54, 22:59,8.31,12
2019-09-26 23:00:58.930079,29.60000038,65,885,58, 23:00,8.27,12
2019-09-26 23:01:58.750053,29.60000038,64.80000305,894,47, 23:01,8.47,12
2019-09-26 23:02:58.570032,29.60000038,64.40000153,882,47, 23:02,8.35,12
2019-09-26 23:03:58.390122,,,924,48, 23:03,8.76,12
2019-09-26 23:04:58.210124,29.60000038,64,955,56, 23:04,8.99,12
2019-09-26 23:05:58.030106,29.60000038,64,871,49, 23:05,8.22,12
2019-09-26 23:06:57.850098,29.5,63.79999924,980,47, 23:06,9.33,12
2019-09-26 23:07:57.670085,29.39999962,64.09999847,956,41, 23:07,9.15,12
2019-09-26 23:08:57.480135,29.29999924,64.5,951,50, 23:08,9.01,12
2019-09-26 23:09:57.300075,29.29999924,64.59999847,944,47, 23:09,8.97,12
2019-09-26 23:10:57.120058,29.20000076,64.69999695,905,49, 23:10,8.56,12
2019-09-26 23:11:56.930190,29.20000076,64.69999695,945,53, 23:11,8.92,12
2019-09-26 23:12:56.750217,29.20000076,65.09999847,919,48, 23:12,8.71,12
2019-09-26 23:13:56.570221,,,937,44, 23:13,8.93,12
2019-09-26 23:14:56.390216,29.20000076,66.40000153,961,55, 23:14,9.06,12
2019-09-26 23:15:56.220206,29.29999924,66.40000153,913,48, 23:15,8.65,12
2019-09-26 23:16:56.040168,29.29999924,65.69999695,900,49, 23:16,8.51,12
2019-09-26 23:17:55.860276,29.29999924,66.30000305,867,40, 23:17,8.27,12
2019-09-26 23:18:55.680131,29.29999924,65.59999847,873,44, 23:18,8.29,12
2019-09-26 23:19:55.500141,29.29999924,65,871,47, 23:19,8.24,12
2019-09-26 23:20:55.320096,29.29999924,65.09999847,850,45, 23:20,8.05,12
2019-09-26 23:21:55.140089,29.29999924,65.09999847,844,44, 23:21,8,12
2019-09-26 23:22:54.960075,29.20000076,65,851,46, 23:22,8.05,12
2019-09-26 23:23:54.780069,29.10000038,65.30000305,901,48, 23:23,8.53,12
2019-09-26 23:24:54.600074,29.10000038,65.69999695,876,50, 23:24,8.26,12
2019-09-26 23:25:54.420085,29,66,896,52, 23:25,8.44,12
2019-09-26 23:26:54.240088,,,960,56, 23:26,9.04,12
2019-09-26 23:27:54.060141,28.89999962,66,907,51, 23:27,8.56,12
2019-09-26 23:28:53.880177,28.89999962,66.19999695,934,58, 23:28,8.76,12
2019-09-26 23:29:53.690128,28.79999924,66.19999695,952,49, 23:29,9.03,12
2019-09-26 23:30:53.510027,28.70000076,67.30000305,867,59, 23:30,8.08,12
2019-09-26 23:31:53.329992,28.79999924,66.90000153,973,56, 23:31,9.17,12
2019-09-26 23:32:53.140116,28.70000076,66.90000153,912,47, 23:32,8.65,12
2019-09-26 23:33:52.960051,,,993,63, 23:33,9.3,12
2019-09-26 23:34:52.780116,28.70000076,68,941,56, 23:34,8.85,12
2019-09-26 23:35:52.600055,28.70000076,67.59999847,935,45, 23:35,8.9,12
2019-09-26 23:36:52.420016,28.60000038,67.30000305,962,56, 23:36,9.06,12
2019-09-26 23:37:52.230082,28.70000076,67.59999847,1024,50, 23:37,9.74,12
2019-09-26 23:38:52.050015,28.60000038,67.19999695,973,50, 23:38,9.23,12
2019-09-26 23:39:51.860109,,,976,51, 23:39,9.25,12
2019-09-26 23:40:51.680021,28.60000038,67.5,1062,49, 23:40,10.13,12
2019-09-26 23:41:51.490101,28.60000038,67.59999847,1031,56, 23:41,9.75,12
2019-09-26 23:42:51.310066,28.60000038,67.59999847,990,48, 23:42,9.42,12
2019-09-26 23:43:51.120142,28.5,67.69999695,946,44, 23:43,9.02,12
2019-09-26 23:44:50.940120,28.5,68,931,48, 23:44,8.83,12
2019-09-26 23:45:50.750088,28.5,68,917,49, 23:45,8.68,12
2019-09-26 23:46:50.570058,28.39999962,67.5,938,50, 23:46,8.88,12
2019-09-26 23:47:50.380028,28.39999962,67.90000153,876,47, 23:47,8.29,12
2019-09-26 23:48:50.200103,28.39999962,68.09999847,842,47, 23:48,7.95,12
2019-09-26 23:49:50.020114,28.39999962,68.40000153,789,40, 23:49,7.49,12
2019-09-26 23:50:49.830061,28.29999924,68.5,740,43, 23:50,6.97,12
2019-09-26 23:51:49.650231,28.10000038,68.59999847,734,41, 23:51,6.93,12
2019-09-26 23:52:49.470031,28.20000076,68.80000305,706,40, 23:52,6.66,12
2019-09-26 23:53:49.290127,28.10000038,68.80000305,739,42, 23:53,6.97,12
2019-09-26 23:54:49.100110,28.10000038,69.09999847,732,43, 23:54,6.89,12
2019-09-26 23:55:48.920098,28.10000038,69.09999847,714,43, 23:55,6.71,12
2019-09-26 23:56:48.740088,28,69.40000153,723,44, 23:56,6.79,12
2019-09-26 23:57:48.550081,28,69.59999847,727,45, 23:57,6.82,12
2019-09-26 23:58:48.370052,28,69.69999695,746,40, 23:58,7.06,12
2019-09-26 23:59:48.180036,28,69.80000305,753,42, 23:59,7.11,12